Benchmark,Qubits,Qiskit O3 Fid,TKET Fid,RL Fid,Qiskit O3 gate_ratio,TKET gate_ratio,RL gate_ratio,Qiskit O3 Crit Depth,TKET Crit Depth,RL Crit Depth,Qiskit O3 mix,TKET mix,RL mix,Qiskit O3 Time,TKET Time,RL Fid Time,RL gate_ratio Time,RL Crit Depth Time,RL Fid Crit Depth,RL Fid gate_ratio,RL Crit Depth Fid,RL Crit Depth gate_ratio,RL gate_ratio Fid,RL gate_ratio Crit Depth
qft,8,0.15235,0.13365,0.14487,0.54516,0.86683,0.84821,0.39007,0.38509,0.57353,0.27121,0.25937,0.35690500000000003,1.09,0.76,3.08,2.76,3.15,0.33548,0.39689,0.03107,0.84821,0.03107,0.57353
portfolioqaoa,7,0.01906,0.00056,0.05567,0.59011,0.86866,0.9011,0.48249,0.44715,0.60317,0.25077499999999997,0.223855,0.312795,0.28,0.98,13.97,1.53,1.53,0.36771,0.86639,0.02242,0.9011,0.02242,0.60317
qaoa,6,0.40341,0.10705,0.45712,0.70213,0.87574,0.91667,0.54762,0.4127,0.58333,0.475515,0.259875,0.520225,0.66,0.32,1.93,2.57,3.46,0.58333,0.91667,0.45712,0.91667,0.45712,0.58333
ae,7,0.33266,0.24437,0.29367,0.66667,0.8719,0.88301,0.2,0.26882,0.28571,0.26633,0.256595,0.254235,0.14,0.38,10.09,1.03,2.64,0.2973,0.57634,0.09444,0.88301,0.09444,0.28571
wstate,7,0.61418,0.76443,0.76096,0.78571,0.91045,0.88462,0.33333,0.33333,0.33333,0.473755,0.54888,0.555035,0.33,0.15,3.79,0.76,2.89,0.26667,0.85149,0.56918,0.89655,0.50764,0.33333
ghz,9,0.75724,0.76786,0.66768,0.6,0.92453,0.84314,0.0,0.0,0.0,0.37862,0.38393,0.39984,0.05,0.13,2.13,0.54,15.79,0.0,0.84314,0.61348,0.96825,0.66768,0.0
portfoliovqe,8,0.01155,0.00079,0.05313,0.62234,0.86732,0.89447,0.39085,0.48333,0.65476,0.2012,0.24206,0.331015,0.29,1.1,10.05,1.6,2.36,0.35474,0.42932,0.00727,0.89447,0.00727,0.65476
vqe,11,0.38029,0.62543,0.66048,0.87421,0.92126,0.86111,0.4,0.4,0.58779,0.390145,0.512715,0.54032,0.2,0.2,8.27,1.07,4.29,0.34783,0.91697,0.04197,0.57329,0.34885,0.4
qpeexact,15,0.00016,0.0,0.00061,0.4712,0.8651,0.8682,0.44224,0.50831,0.67471,0.2212,0.254155,0.28852,1.06,2.18,18.41,1.76,3.19,0.58974,0.92404,0.0,0.27006,0.0,0.52766
wstate,18,0.2819,0.17545,0.28248,0.78065,0.90957,0.88316,0.44118,0.44118,0.58219,0.36154,0.308315,0.44469499999999995,0.69,0.38,8.14,2.07,5.1,0.55224,0.92033,0.00095,0.49914,0.00304,0.44118
twolocalrandom,3,0.72011,0.39961,0.83117,0.75904,0.89231,0.85,0.0,0.0,0.43056,0.360055,0.199805,0.386455,0.44,0.12,4.59,0.02,2.03,0.0,0.83607,0.09386,0.74737,0.63045,0.0
dj,5,0.77288,0.88357,0.77235,0.78378,0.8871,0.92803,0.0,0.0,0.0,0.38644,0.441785,0.61188,0.14,0.19,4.89,0.24,0.3,0.0,0.91489,0.72469,0.83721,0.11648,0.15789
qpeexact,5,0.41102,0.42874,0.56937,0.62963,0.87798,0.85635,0.125,0.15217,0.19231,0.26800999999999997,0.290455,0.36763,0.58,0.35,3.08,0.81,0.23,0.11321,0.52679,0.25852,0.85635,0.25852,0.19231
realamprandom,4,0.5668,0.24887,0.65415,0.74834,0.8835,0.83636,0.13158,0.0,0.27778,0.34919,0.124435,0.3429,1.26,0.36,1.17,1.99,0.76,0.0,0.65385,0.40802,0.83636,0.40802,0.27778
su2random,4,0.56618,0.24805,0.65415,0.76101,0.89254,0.89655,0.13158,0.0,0.21739,0.34888,0.124025,0.37957,1.01,0.24,5.09,1.18,4.71,0.0,0.65385,0.44416,0.54902,0.34502,0.27778
ae,12,0.02139,0.00506,0.00864,0.55524,0.8682,0.86203,0.36164,0.40212,0.54111,0.19151500000000002,0.20359,0.242575,3.02,4.21,4.2,6.23,6.31,0.51454,0.63451,0.0,0.86729,0.0,0.464
qpeexact,16,0.0,0.0,0.0001,0.44519,0.86499,0.86826,0.51747,0.52847,0.68041,0.258735,0.264235,0.317975,3.63,3.25,4.13,4.81,5.02,0.55439,0.35227,0.0,0.24258,0.0,0.58302
pricingput,5,0.31397,0.27348,0.07924,0.66942,0.87942,0.92558,0.0,0.03261,0.28235,0.156985,0.153045,0.241385,1.18,0.51,1.64,3.9,12.4,0.05769,0.82492,0.10039,0.64583,0.00015,0.0375
qgan,6,0.51495,0.55625,0.55345,0.77778,0.87671,0.93511,0.20588,0.22222,0.4,0.36041500000000004,0.389235,0.39547,0.86,0.28,4.88,4.04,2.11,0.11111,0.76562,0.39094,0.90909,0.00518,0.39216
graphstate,5,0.56399,0.54815,0.72168,0.55172,0.88514,0.91667,0.26923,0.11765,0.28125,0.41661000000000004,0.33290000000000003,0.46084,0.1,0.14,2.12,2.3,3.19,0.2,0.91667,0.29618,0.60976,0.72168,0.2
groundstate,12,0.00113,1e-05,0.00072,0.65835,0.86476,0.82171,0.55752,0.56495,0.64476,0.279325,0.28247999999999995,0.320355,2.96,7.67,5.5,3.86,5.02,0.54257,0.26593,0.0,0.46483,0.0,0.63975
qgan,12,0.0092,0.00879,0.04266,0.67536,0.86709,0.83333,0.48661,0.42857,0.64403,0.247905,0.21868,0.251295,9.32,7.01,5.62,7.86,5.49,0.49383,0.64422,1e-05,0.27246,0.0,0.48864
ae,8,0.13405,0.02473,0.04504,0.6,0.87226,0.87852,0.27869,0.32836,0.35714,0.20637,0.17654499999999998,0.27482,8.82,0.77,3.0,6.35,1.23,0.35714,0.87852,0.04504,0.87852,0.04504,0.35714
vqe,13,0.43306,0.56518,0.58343,0.875,0.92105,0.90293,0.41667,0.41667,0.61429,0.424865,0.490925,0.42552999999999996,0.72,0.27,4.18,2.43,9.3,0.37037,0.86154,0.01766,0.64377,0.00012,0.31746
graphstate,12,0.1866,0.38907,0.57113,0.57143,0.90041,0.84615,0.15152,0.58333,0.6776,0.16906,0.4862,0.31728,0.42,0.38,8.76,10.81,2.77,0.35556,0.70588,0.01135,0.39604,0.00266,0.5
pricingcall,5,0.32051,0.30803,0.05909,0.66087,0.88064,0.9535,0.03846,0.03659,0.40217,0.179485,0.17231000000000002,0.241385,1.2,0.37,2.8,13.73,4.6,0.05769,0.87286,0.04865,0.65217,0.00122,0.05495
qftentangled,6,0.35542,0.28307,0.3677,0.57831,0.86986,0.84561,0.27143,0.31579,0.47727,0.313425,0.29943,0.400905,0.48,0.41,9.23,8.53,0.56,0.43564,0.38037,0.10715,0.84561,0.10715,0.47727
qftentangled,11,0.00169,0.00014,0.04903,0.514,0.86648,0.84571,0.48136,0.52646,0.68148,0.24152500000000002,0.26330000000000003,0.341265,2.13,10.88,7.71,1.41,9.5,0.67576,0.36782,0.00105,0.84571,0.00105,0.68148
qgan,13,0.0073,0.00174,0.02396,0.67401,0.86736,0.82812,0.4306,0.70915,0.71082,0.21894999999999998,0.35544499999999996,0.31178500000000003,1.48,5.37,5.42,3.67,12.11,0.53608,0.65233,0.0,0.84298,0.0,0.55303
ghz,12,0.57438,0.71796,0.67477,0.57692,0.92414,0.87097,0.0,0.0,0.44595,0.28719,0.35898,0.347555,0.47,0.12,5.4,2.08,10.45,0.0,0.51724,0.09519,0.16854,0.03543,0.3
su2random,3,0.72011,0.39912,0.83117,0.77011,0.89756,0.875,0.0,0.0,0.39286,0.360055,0.19956,0.40103,0.72,0.13,3.99,1.42,3.56,0.0,0.83607,0.08481,0.42857,0.61093,0.0
qftentangled,6,0.35512,0.28307,0.3314,0.5858,0.86986,0.84561,0.27143,0.31579,0.47727,0.31327499999999997,0.29943,0.26947,1.0,0.44,4.16,1.45,1.14,0.27723,0.41618,0.10715,0.84561,0.10715,0.47727
qpeexact,3,0.88853,0.90156,0.68882,0.85714,0.88889,0.86538,0.0,0.0,0.0,0.444265,0.45078,0.455985,0.26,0.06,1.71,12.29,2.76,0.0,0.86538,0.93278,0.93939,0.68882,0.0
realamprandom,12,1e-05,0.0,0.00094,0.586,0.86617,0.86217,0.54023,0.61356,0.7543,0.27011999999999997,0.30678,0.349735,4.09,8.22,7.06,6.24,3.1,0.61013,0.20523,0.0,0.17108,0.0,0.63425
groundstate,4,0.63245,0.40642,0.74634,0.75207,0.88202,0.91892,0.16667,0.0,0.25,0.39955999999999997,0.20321,0.41995499999999997,0.27,0.16,2.01,6.97,1.16,0.0,0.82353,0.45236,0.91892,0.45236,0.25
ghz,15,0.52864,0.47762,0.55577,0.5625,0.92391,0.87931,0.0,0.0,0.45395,0.26432,0.23881,0.36868,0.92,0.18,3.04,1.02,3.1,0.25,0.36,0.01829,0.10588,0.06081,0.0
qft,4,0.66815,0.54748,0.71153,0.62295,0.87383,0.85,0.17391,0.0,0.27778,0.42103,0.27374,0.45432,0.71,0.17,8.28,1.18,3.3,0.0,0.50909,0.39747,0.85,0.39747,0.27778
wstate,7,0.61418,0.76443,0.66616,0.78571,0.91045,0.88462,0.33333,0.33333,0.33333,0.473755,0.54888,0.555035,0.23,0.15,8.56,1.25,3.82,0.33333,0.89655,0.57179,0.85714,0.50764,0.33333
graphstate,3,0.88093,0.73034,0.8653,0.75,0.89831,0.91667,0.0,0.0,0.28571,0.440465,0.36517,0.41113,0.3,0.09,7.79,0.58,4.84,0.0,0.81818,0.19447,0.46154,0.82226,0.0
ghz,5,0.87527,0.86478,0.81391,0.66667,0.92593,0.92857,0.0,0.0,0.0,0.437635,0.43239,0.42952,0.06,0.19,3.72,0.53,1.78,0.0,0.85185,0.7998,0.92308,0.41759,0.0
dj,10,0.52393,0.37932,0.56327,0.70526,0.87692,0.91262,0.10714,0.0,0.39286,0.315535,0.18966,0.43137000000000003,0.43,0.33,2.28,0.87,1.13,0.0,0.91262,0.33693,0.44,0.56327,0.0
qft,7,0.24695,0.16468,0.27589,0.59756,0.86824,0.84956,0.35354,0.35897,0.5098,0.300245,0.261825,0.29728,2.36,0.5,4.9,0.89,0.69,0.27778,0.42246,0.07342,0.84956,0.07342,0.5098
realamprandom,8,0.02217,0.00078,0.02431,0.59162,0.86974,0.81739,0.37607,0.48333,0.65476,0.19912000000000002,0.242055,0.336145,1.73,1.07,4.66,0.72,0.94,0.4214,0.31264,0.01753,0.81739,0.01753,0.65476
qpeexact,9,0.11922,0.00649,1e-05,0.59091,0.86981,0.85252,0.30864,0.34314,0.47561,0.21393,0.174815,0.22514499999999998,2.12,0.9,31.8,1.97,1.12,0.28623,0.61931,0.01459,0.85252,0.01459,0.47561
dj,9,0.59618,0.42953,0.59497,0.6506,0.87634,0.62069,0.17241,0.0,0.41509,0.38429500000000005,0.214765,0.42979500000000004,0.31,0.31,30.31,3.95,9.26,0.0,0.91579,0.44426,0.61871,0.39088,0.59091
qpeinexact,14,0.00023,1e-05,0.0,0.53653,0.86541,0.86925,0.43243,0.51969,0.53719,0.21633,0.25984999999999997,0.30823,3.42,18.45,31.0,5.68,5.82,0.60758,0.50304,0.0,0.86444,0.0,0.50799
portfoliovqe,4,0.50175,0.24962,0.64747,0.73626,0.87919,0.9011,0.125,0.0,0.27778,0.313375,0.12481,0.36824500000000004,0.53,0.22,4.92,1.54,3.75,0.0,0.81443,0.33787,0.9011,0.33787,0.27778
wstate,14,0.35069,0.55115,0.52598,0.78151,0.90972,0.88341,0.42308,0.42308,0.60403,0.38688500000000003,0.487115,0.43540500000000004,0.65,0.27,4.75,3.84,8.94,0.34483,0.86385,0.01618,0.5,0.0193,0.42308
qaoa,12,0.15933,0.19305,0.17361,0.80488,0.88889,0.88235,0.70833,0.70833,0.63889,0.43383,0.45069000000000004,0.395665,0.45,0.33,4.46,2.77,4.51,0.53922,0.66667,0.0,0.88235,0.0,0.61111
pricingput,9,0.00124,0.00064,0.0003,0.63118,0.8753,0.86655,0.17201,0.30303,0.33395,0.086625,0.151835,0.13492500000000002,3.22,1.4,2.11,1.59,4.97,0.17763,0.86655,0.0,0.48528,0.0003,0.17763
graphstate,9,0.37982,0.5218,0.55594,0.69512,0.9011,0.91667,0.32,0.5,0.55556,0.34991,0.5109,0.55575,0.82,0.29,1.5,1.31,1.79,0.55556,0.91667,0.55594,0.91667,0.55594,0.55556
su2random,8,0.02213,0.00078,0.05362,0.60272,0.87207,0.85714,0.37607,0.48333,0.65476,0.1991,0.242055,0.33365,3.01,1.05,5.61,0.91,2.47,0.35474,0.29374,0.01254,0.85714,0.01254,0.65476
dj,3,0.91902,0.93979,0.87999,0.88235,0.90909,0.93506,0.0,0.0,0.0,0.45951,0.469895,0.439995,0.11,0.04,3.85,5.13,5.14,0.0,0.91304,0.91759,0.96296,0.44816,0.0
realamprandom,10,0.00457,1e-05,0.01103,0.65312,0.86817,0.81379,0.52571,0.60264,0.72593,0.26514,0.30132499999999995,0.363745,5.05,6.64,31.86,0.7,2.84,0.53668,0.24709,0.00156,0.81379,0.00156,0.72593
qpeinexact,13,2e-05,1e-05,0.00351,0.44496,0.86611,0.86571,0.45929,0.49806,0.63563,0.229655,0.249035,0.31959,2.14,2.25,25.98,5.16,5.92,0.48413,0.70884,0.0,0.26829,0.0,0.51401
portfoliovqe,3,0.71932,0.40149,0.76908,0.79798,0.87861,0.90625,0.0,0.0,0.38824,0.35966,0.200745,0.39897,0.92,0.12,5.03,8.72,5.82,0.0,0.84211,0.1122,0.52247,0.5737,0.0
ae,4,0.7294,0.63833,0.67868,0.75385,0.89535,0.90244,0.0,0.0,0.33333,0.3647,0.319165,0.43013,0.42,0.14,7.42,3.54,16.23,0.13333,0.66667,0.25864,0.75329,0.48298,0.0
vqe,6,0.76406,0.78609,0.79889,0.88636,0.92308,0.9537,0.3,0.3,0.3,0.53203,0.543045,0.445435,0.32,0.14,3.67,2.37,0.69,0.3,0.88636,0.59087,0.90566,0.20522,0.3
twolocalrandom,2,0.92513,0.916,0.93633,0.85714,0.89286,0.96154,0.0,0.0,0.0,0.462565,0.458,0.468165,0.56,0.16,2.9,1.88,1.33,0.0,0.93333,0.93633,0.91892,0.49853,0.0
dj,13,0.46488,0.33119,0.3309,0.77778,0.87594,0.88531,0.0,0.0,0.45902,0.23244,0.165595,0.39613,0.45,0.41,3.15,4.19,3.85,0.61538,0.55682,0.00746,0.34875,0.00055,0.21053
qft,10,0.07557,0.00072,0.04204,0.5109,0.86621,0.84783,0.36139,0.41581,0.64762,0.21848,0.208265,0.32616999999999996,2.75,6.3,3.11,2.16,9.67,0.45977,0.3756,0.00472,0.84783,0.00472,0.64762
pricingcall,9,0.00152,0.01209,0.01054,0.62288,0.87659,0.88126,0.16216,0.25723,0.34358,0.08184,0.13466,0.09143499999999999,5.24,1.31,4.6,16.45,5.61,0.27273,0.51239,0.0,0.46518,0.00705,0.31563
twolocalrandom,11,0.0,0.0,0.0,0.45606,0.86772,0.8125,0.46088,0.63198,0.75152,0.23044,0.31599,0.37595,5.67,11.21,22.56,1.17,10.25,0.6227,0.46106,0.00038,0.8125,0.00038,0.75152
wstate,10,0.54872,0.67285,0.69269,0.78313,0.91,0.88387,0.38889,0.38889,0.46465,0.468805,0.53087,0.547975,0.39,0.2,5.62,1.29,13.17,0.33333,0.85906,0.10725,0.61024,0.36264,0.38889
graphstate,10,0.27837,0.54889,0.52083,0.43802,0.90805,0.91667,0.19118,0.25,0.4,0.234775,0.399445,0.460415,11.62,0.33,2.11,1.14,2.43,0.4,0.91667,0.52083,0.91667,0.52083,0.4
ghz,19,0.43999,0.26123,0.33143,0.55,0.92373,0.87838,0.0,0.0,0.41667,0.219995,0.130615,0.393785,0.88,0.19,6.99,3.11,2.36,0.45614,0.27848,0.17373,0.13253,0.02211,0.0
qftentangled,12,0.0034,0.00074,0.02995,0.47265,0.86685,0.85572,0.47074,0.5522,0.74318,0.23707,0.27647,0.36866000000000004,0.35,7.46,14.43,4.22,3.14,0.70725,0.37031,0.0,0.23602,0.0,0.58163
ae,10,0.07293,0.00085,0.03333,0.57522,0.86786,0.87377,0.27604,0.44444,0.54167,0.174485,0.222645,0.276705,0.26,6.13,13.98,0.09,4.14,0.48193,0.72964,4e-05,0.39749,0.00738,0.46667
qaoa,15,0.08511,0.03815,0.13758,0.68783,0.87723,0.87466,0.76271,0.71795,0.74227,0.42391,0.37805,0.39762000000000003,0.2,0.68,2.54,1.12,3.1,0.65766,0.69672,1e-05,0.30466,0.0,0.47826
qaoa,14,0.12821,0.02419,0.15119,0.7156,0.8766,0.86519,0.78495,0.62069,0.75355,0.45658,0.32244,0.357305,0.14,0.85,3.02,1.3,4.12,0.66393,0.66111,3e-05,0.36061,0.0,0.52459
ghz,18,0.48053,0.26829,0.40171,0.55263,0.92377,0.85976,0.0,0.0,0.47208,0.240265,0.134145,0.421935,0.66,0.37,2.66,1.27,3.29,0.45763,0.2625,0.00593,0.09633,0.0,0.42857
qftentangled,13,9e-05,7e-05,0.01698,0.48897,0.86609,0.86684,0.47273,0.70694,0.76568,0.23640999999999998,0.353505,0.37676,1.21,5.98,18.61,1.09,1.23,0.70721,0.37377,0.0,0.24124,0.0,0.60847
ae,11,0.00224,0.00155,0.00614,0.61815,0.86755,0.87165,0.35656,0.45769,0.50909,0.1794,0.22962,0.25583,1.24,10.55,17.22,8.09,0.61,0.40574,0.82877,0.00257,0.87165,0.00257,0.50909
graphstate,11,0.2385,0.26592,0.48794,0.51449,0.8817,0.91667,0.46269,0.60377,0.71613,0.350595,0.43484500000000004,0.516695,0.38,0.3,15.92,6.73,1.86,0.54545,0.91667,0.0183,0.41509,0.48794,0.54545
qaoa,3,0.73411,0.41461,0.71515,0.73529,0.88079,0.91667,0.0,0.0,0.0,0.367055,0.207305,0.383955,0.18,0.14,7.66,1.19,2.49,0.0,0.73913,0.67895,0.72857,0.67611,0.0
wstate,11,0.41543,0.62863,0.31429,0.78261,0.90991,0.88372,0.4,0.4,0.4,0.40771500000000005,0.5143150000000001,0.54068,0.76,0.24,1.86,11.92,1.8,0.49398,0.67451,0.32417,0.88372,0.32417,0.4
qft,11,0.00021,0.00065,0.03474,0.45591,0.8654,0.84812,0.48318,0.56196,0.672,0.241695,0.281305,0.336845,2.26,10.66,11.36,1.54,1.02,0.47744,0.74811,0.00169,0.84812,0.00169,0.672
twolocalrandom,10,0.00457,1e-05,0.01103,0.65243,0.86817,0.81379,0.52571,0.60264,0.72593,0.26514,0.30132499999999995,0.363745,15.97,6.63,11.18,1.15,1.06,0.53668,0.24709,0.00156,0.81379,0.00156,0.72593
dj,12,0.43048,0.45443,0.27827,0.63333,0.87455,0.89096,0.09091,0.11429,0.48804,0.260695,0.28436,0.41282,0.26,0.34,10.22,2.13,13.51,0.54737,0.4837,0.00595,0.28179,2e-05,0.19512
ae,5,0.48823,0.31907,0.52033,0.75207,0.88176,0.89362,0.06667,0.05714,0.1,0.27745,0.18810500000000002,0.420915,0.81,0.25,9.43,1.43,0.73,0.1,0.64789,0.31086,0.89362,0.31086,0.1
vqe,7,0.60351,0.76201,0.71906,0.87879,0.92357,0.86364,0.33333,0.33333,0.33333,0.46842,0.54767,0.554625,0.26,0.13,2.4,1.71,1.57,0.33333,0.90323,0.23719,0.93846,0.52938,0.33333
twolocalrandom,3,0.72011,0.39961,0.77291,0.75904,0.89231,0.85,0.0,0.0,0.37931,0.360055,0.199805,0.386455,0.4,0.11,1.71,12.44,4.81,0.0,0.73913,0.11578,0.42,0.63045,0.0
su2random,9,0.01914,0.00016,0.00077,0.64797,0.87026,0.85185,0.44407,0.49096,0.69444,0.231605,0.24556,0.349145,5.41,1.35,3.04,2.27,12.11,0.57632,0.22744,0.00385,0.85185,0.00385,0.69444
dj,2,0.97213,0.94496,0.9785,0.9,0.92308,0.94118,0.0,0.0,0.0,0.486065,0.47248,0.402115,0.09,0.04,1.33,12.08,0.04,0.0,0.90909,0.97928,0.96875,0.93222,0.0
realamprandom,11,0.0,0.0,0.00031,0.45606,0.86772,0.8125,0.46088,0.63198,0.75152,0.23044,0.31599,0.37595,4.63,11.36,3.48,2.05,1.6,0.56285,0.20709,0.00038,0.8125,0.00038,0.75152
qpeinexact,12,0.01438,8e-05,0.00475,0.52531,0.86671,0.86957,0.40922,0.53935,0.625,0.2118,0.269715,0.30548000000000003,3.3,9.71,13.9,4.99,3.99,0.51701,0.32258,0.0,0.27711,0.0,0.49758
graphstate,8,0.61978,0.36999,0.59341,0.71429,0.89474,0.92529,0.55,0.55,0.625,0.58489,0.45999500000000004,0.609205,0.15,0.21,2.23,3.48,2.66,0.625,0.91667,0.59341,0.91667,0.05274,0.53846
qpeexact,18,0.0,0.0,0.0,0.5,0.86427,0.8672,0.5775,0.60111,0.69316,0.28875,0.300555,0.300285,4.07,3.6,14.71,17.4,4.13,0.58883,0.60804,0.0,0.25186,0.0,0.57498
portfoliovqe,5,0.37596,0.11216,0.39533,0.67932,0.87054,0.89831,0.11842,0.25287,0.43333,0.24719000000000002,0.18251499999999998,0.300425,0.5,0.42,7.11,1.71,1.83,0.26667,0.63265,0.16752,0.89831,0.16752,0.43333
qaoa,13,0.08685,0.14844,0.25189,0.68454,0.88527,0.87411,0.65,0.71642,0.74514,0.368425,0.43243,0.40438,0.47,0.58,4.54,3.79,16.73,0.62353,0.72222,0.00011,0.3231,0.0,0.56452
wstate,15,0.32502,0.39363,0.41385,0.78125,0.90968,0.88333,0.42857,0.42857,0.53982,0.376795,0.4111,0.411215,1.41,0.31,3.46,4.04,4.61,0.37209,0.82158,0.00224,0.51502,0.01146,0.42857
realamprandom,9,0.01915,0.00016,0.00938,0.63892,0.86868,0.86528,0.44407,0.49096,0.69444,0.23161,0.24556,0.35002999999999995,2.86,1.25,7.33,8.68,2.78,0.48955,0.31352,0.00562,0.81538,0.0,0.50336
qpeexact,8,0.09983,0.01791,0.11885,0.49231,0.87167,0.85393,0.31515,0.29221,0.4,0.20749,0.15506,0.21732500000000002,12.4,0.81,4.1,1.25,2.54,0.42703,0.41824,0.03465,0.85393,0.03465,0.4
dj,8,0.44323,0.51734,0.63841,0.49485,0.8797,0.92947,0.02041,0.0,0.46392,0.23182,0.25867,0.47745499999999996,0.38,0.41,2.65,8.5,24.28,0.0,0.91358,0.19053,0.4581,0.05277,0.0
qpeinexact,15,0.00011,0.0,0.00037,0.49387,0.86511,0.86782,0.48788,0.50761,0.70009,0.243995,0.253805,0.28852,4.51,2.45,11.49,6.2,6.0,0.59704,0.66233,0.0,0.26186,0.0,0.49863
routing,2,0.92513,0.916,0.91063,0.85714,0.89286,0.96154,0.0,0.0,0.0,0.462565,0.458,0.468165,0.4,0.03,3.37,0.72,14.9,0.0,0.93333,0.49853,0.96154,0.49853,0.0
qft,6,0.40354,0.31579,0.47535,0.58621,0.87024,0.84884,0.22222,0.26667,0.46154,0.31288,0.29123,0.298855,0.14,0.36,18.22,0.53,2.2,0.26087,0.46094,0.13617,0.84884,0.13617,0.46154
ghz,4,0.88868,0.89451,0.85522,0.7,0.92683,0.93023,0.0,0.0,0.0,0.44434,0.447255,0.44692,0.11,0.07,2.64,0.49,4.65,0.0,0.85714,0.89384,0.7,0.52167,0.0
dj,11,0.37968,0.35945,0.5277,0.61719,0.87611,0.8913,0.0,0.0,0.32877,0.18984,0.179725,0.41486999999999996,0.33,0.35,1.58,3.12,1.23,0.0,0.91304,0.35707,0.5,0.0,0.42
qft,5,0.45349,0.55655,0.62828,0.58333,0.87423,0.85143,0.1,0.17073,0.34615,0.276745,0.36363999999999996,0.36092,0.35,0.39,4.67,1.24,1.32,0.19512,0.50602,0.26261,0.85143,0.26261,0.34615
wstate,6,0.78541,0.78844,0.56787,0.78723,0.91071,0.95169,0.3,0.3,0.3,0.542705,0.54422,0.44616,0.2,0.15,4.1,1.39,0.17,0.3,0.88506,0.56787,0.88506,0.21177,0.3
ghz,14,0.55986,0.65068,0.60493,0.56667,0.92398,0.87135,0.0,0.0,0.43421,0.27993,0.32534,0.30408,0.44,0.15,6.97,3.07,6.74,0.04545,0.4359,0.09899,0.1828,0.02234,0.27273
pricingput,11,0.0,0.00025,7e-05,0.60078,0.87341,0.95855,0.34578,0.27607,0.42584,0.17289,0.13815999999999998,0.19527,13.28,1.96,6.93,4.55,13.66,0.37209,0.66472,0.0,0.52527,0.0,0.2402
su2random,2,0.92437,0.91554,0.91063,0.9,0.91892,0.96512,0.0,0.0,0.0,0.462185,0.45777,0.455315,0.04,0.05,5.92,2.6,6.07,0.0,0.9434,0.49853,0.96154,0.48963,0.0
qftentangled,7,0.21203,0.28955,0.33991,0.53942,0.86928,0.84636,0.3964,0.35833,0.52632,0.304215,0.32394,0.37827,1.86,0.57,10.81,2.12,1.36,0.48571,0.74138,0.05513,0.84636,0.05513,0.52632
qpeexact,2,0.97173,0.98034,0.95928,0.91667,0.92308,0.94286,0.0,0.0,0.0,0.485865,0.49017,0.47964,0.43,0.03,3.47,1.55,3.06,0.0,0.84615,0.93405,0.97297,0.64788,0.0
qftentangled,7,0.21203,0.28955,0.33991,0.53942,0.86928,0.84636,0.3964,0.35833,0.52632,0.304215,0.32394,0.290725,0.97,0.52,7.94,1.72,2.93,0.48571,0.74138,0.05513,0.84636,0.05513,0.52632
qftentangled,10,0.04245,0.00033,0.07184,0.4587,0.86559,0.84532,0.44177,0.51667,0.65789,0.24211,0.2585,0.330485,1.76,6.36,6.56,1.65,1.08,0.67708,0.35714,0.00308,0.84532,0.00308,0.65789
qgan,12,0.0092,0.00879,0.00493,0.67723,0.86709,0.83871,0.48661,0.42857,0.56477,0.247905,0.21868,0.235205,2.73,7.02,5.25,11.21,3.72,0.42222,0.44759,0.0,0.45014,0.0,0.51579
ghz,13,0.56582,0.66574,0.66118,0.57143,0.92405,0.88,0.0,0.0,0.5,0.28291,0.33287,0.34068,0.53,0.13,4.96,2.96,3.16,0.0,0.51613,0.0778,0.16,0.11211,0.0
vqe,12,0.45201,0.62711,0.59732,0.86982,0.92058,0.90647,0.40909,0.40909,0.56693,0.43055,0.5181,0.512015,0.52,0.24,3.3,12.17,2.84,0.36,0.91135,0.03436,0.60188,0.00272,0.42308
graphstate,13,0.04479,0.5186,0.54571,0.38462,0.90234,0.88187,0.38194,0.52,0.70297,0.213365,0.5193,0.423095,0.4,0.35,2.48,5.35,3.98,0.43478,0.71779,0.00408,0.39157,0.21519,0.53488
qgan,13,0.00732,0.00174,0.02405,0.67401,0.86736,0.83299,0.4306,0.70915,0.62032,0.21896,0.35544499999999996,0.282425,2.19,5.37,6.25,10.51,5.16,0.53608,0.63806,0.0,0.52133,0.0,0.56386
ae,9,0.13847,0.01558,0.00971,0.60278,0.8729,0.92904,0.21678,0.32184,0.41667,0.177625,0.16871,0.21799,0.56,0.73,29.51,16.7,1.77,0.51691,0.65898,0.01931,0.87543,0.0,0.23457
qgan,7,0.32406,0.14958,0.48998,0.63077,0.87305,0.90625,0.41667,0.33333,0.47619,0.370365,0.241455,0.434545,0.69,0.36,6.44,1.1,1.95,0.38095,0.75,0.27348,0.90625,0.27348,0.47619
routing,6,0.70652,0.74239,0.69335,0.87179,0.91713,0.95098,0.4,0.4,0.4,0.5532600000000001,0.571195,0.5818300000000001,0.33,0.15,5.23,1.15,1.87,0.4,0.89362,0.51376,0.89362,0.12851,0.4
graphstate,4,0.84798,0.66442,0.82799,0.85,0.89474,0.91667,0.33333,0.1,0.375,0.5906549999999999,0.38221,0.510165,0.54,0.13,4.59,2.31,1.95,0.0,0.85106,0.76183,0.71429,0.77033,0.25
su2random,5,0.42466,0.11146,0.41629,0.64835,0.88049,0.88235,0.125,0.25287,0.43333,0.27483,0.182165,0.30968,0.89,0.39,3.52,2.1,1.04,0.21429,0.50296,0.18603,0.88235,0.18603,0.43333
ae,13,0.00067,2e-05,0.00337,0.57075,0.86603,0.87343,0.37637,0.59055,0.63454,0.18852,0.295285,0.32117,4.12,3.65,11.31,9.8,4.06,0.56396,0.40832,0.0,0.35325,0.0,0.42384
twolocalrandom,2,0.92513,0.916,0.93633,0.85714,0.89286,0.96154,0.0,0.0,0.0,0.462565,0.458,0.468165,0.47,0.04,1.69,1.89,1.72,0.0,0.93333,0.82544,0.95238,0.49853,0.0
dj,4,0.64573,0.64459,0.84664,0.875,0.90323,0.90909,0.0,0.0,0.48,0.322865,0.322295,0.534535,0.06,0.06,4.4,3.73,12.27,0.0,0.73529,0.06461,0.34641,0.82875,0.0
qpeexact,4,0.7599,0.59941,0.80164,0.67347,0.88596,0.88889,0.0,0.0,0.6044,0.37995,0.299705,0.49624,0.83,0.15,9.03,3.21,6.91,0.0,0.70213,0.09214,0.40909,0.05432,0.0
realamprandom,5,0.42466,0.11178,0.41629,0.64444,0.87729,0.82857,0.125,0.25287,0.43333,0.27483,0.182325,0.33137,0.77,0.49,3.74,1.63,2.53,0.21429,0.50296,0.22941,0.82857,0.22941,0.43333
portfoliovqe,9,0.00908,0.00016,0.00389,0.67104,0.86516,0.89381,0.47009,0.49096,0.69444,0.239585,0.24556,0.34812499999999996,3.35,1.29,5.7,2.23,6.74,0.53237,0.62432,0.00181,0.89381,0.00181,0.69444
vqe,10,0.45289,0.66968,0.69139,0.87671,0.92174,0.86154,0.38889,0.38889,0.53509,0.42089,0.529285,0.5476,0.49,0.19,2.81,1.86,8.49,0.33333,0.86093,0.0669,0.58394,0.38719,0.38889
qpeexact,14,0.00048,5e-05,1e-05,0.52081,0.86642,0.86886,0.5078,0.51992,0.66254,0.25414000000000003,0.259985,0.32143499999999997,0.73,2.09,42.62,1.41,4.58,0.5459,0.50687,0.0,0.25338,0.0,0.50791
wstate,19,0.25572,0.16879,0.28315,0.78049,0.90955,0.88312,0.44444,0.44444,0.33333,0.35008,0.30661499999999997,0.43161000000000005,1.92,0.39,16.39,3.73,4.44,0.60274,0.74828,0.2091,0.68,0.00227,0.44444
ae,6,0.40136,0.36137,0.50011,0.69677,0.87598,0.88764,0.10638,0.19048,0.325,0.25387,0.27592500000000003,0.36211499999999996,0.81,0.34,4.97,0.87,4.68,0.21053,0.65868,0.09728,0.83158,0.18027,0.2
wstate,6,0.78541,0.78844,0.71271,0.78723,0.91071,0.95169,0.3,0.3,0.3,0.542705,0.54422,0.44616,0.22,0.13,3.08,0.89,1.61,0.3,0.89691,0.59232,0.89691,0.21177,0.3
ghz,8,0.77921,0.80239,0.70157,0.61111,0.92473,0.84444,0.0,0.0,0.34884,0.389605,0.401195,0.40568,0.12,0.1,18.54,0.39,3.96,0.0,0.84444,0.50227,0.2037,0.70157,0.0
qaoa,7,0.4391,0.24128,0.50516,0.74522,0.87988,0.91667,0.55,0.55,0.57143,0.49455000000000005,0.39564,0.48632,0.38,0.3,2.36,0.22,3.1,0.55102,0.70833,0.40121,0.91667,0.40121,0.57143
qft,9,0.12203,0.12705,0.07684,0.51412,0.86733,0.84865,0.45349,0.42289,0.60714,0.28776,0.27497,0.310405,1.64,0.83,5.36,0.43,0.97,0.40796,0.38906,0.01367,0.84865,0.01367,0.60714
portfolioqaoa,6,0.05437,0.09908,0.1411,0.56923,0.86842,0.90323,0.41667,0.35238,0.5193,0.23552,0.22573000000000001,0.298985,1.05,0.77,5.77,0.18,4.02,0.39683,0.4661,0.0,0.86467,0.06464,0.53333
qft,2,0.9255,0.91606,0.91297,0.84211,0.88462,0.92958,0.0,0.0,0.0,0.46275,0.45803,0.456485,0.02,0.05,1.51,0.75,0.09,0.0,0.6875,0.90965,0.94545,0.46806,0.0
graphstate,5,0.56399,0.54815,0.72168,0.55172,0.88514,0.92818,0.26923,0.11765,0.34483,0.41661000000000004,0.33290000000000003,0.46084,0.22,0.15,3.43,0.27,3.5,0.2,0.91667,0.28544,0.63291,0.07047,0.38462
qft,11,0.00021,0.00065,0.02203,0.455,0.8654,0.84812,0.48318,0.56196,0.672,0.241695,0.281305,0.336845,0.4,10.61,5.52,1.58,2.34,0.52866,0.37575,0.00169,0.84812,0.00169,0.672
dj,16,0.38895,0.27579,0.19184,0.75625,0.87313,0.87249,0.05128,0.07843,0.42105,0.220115,0.17711,0.362285,0.14,0.51,5.02,1.81,4.96,0.64167,0.47368,0.00748,0.67932,1e-05,0.5463
ghz,3,0.90522,0.91632,0.9027,0.75,0.92857,0.86667,0.0,0.0,0.0,0.45261,0.45816,0.47154,0.14,0.04,3.98,0.9,3.44,0.0,0.75,0.89648,0.97143,0.89863,0.0
ghz,7,0.58824,0.81419,0.73718,0.625,0.925,0.84615,0.0,0.0,0.41176,0.29412,0.407095,0.412,0.04,0.08,1.58,0.97,3.76,0.0,0.84615,0.49312,0.16393,0.73718,0.0
twolocalrandom,9,0.01917,0.00016,0.00436,0.63936,0.86868,0.95599,0.44407,0.49096,0.69444,0.23162000000000002,0.24556,0.35002999999999995,0.42,1.25,4.4,2.41,1.49,0.53269,0.27032,0.00562,0.81538,4e-05,0.69444
qpeinexact,12,0.0128,8e-05,0.00475,0.51604,0.86654,0.8572,0.39769,0.53935,0.609,0.20524499999999998,0.269715,0.31227499999999997,0.33,9.46,4.31,2.4,3.7,0.51701,0.38408,0.0,0.27964,0.0,0.53168
wstate,12,0.45699,0.63106,0.00075,0.78218,0.90984,0.87302,0.40909,0.40909,0.58647,0.43304,0.520075,0.51234,0.15,0.27,13.7,1.28,1.05,0.07407,0.95337,0.02823,0.81135,0.00242,0.5
qaoa,14,0.12821,0.02423,0.15119,0.7156,0.87725,0.87201,0.78495,0.62069,0.75721,0.45658,0.32245999999999997,0.37591,0.22,0.54,3.04,1.12,2.4,0.66393,0.66111,6e-05,0.36391,0.0,0.47742
qpeinexact,15,0.00015,0.0,0.00049,0.47079,0.86539,0.86909,0.44152,0.50761,0.67385,0.220835,0.253805,0.30027,0.83,2.79,9.5,1.79,1.28,0.60356,0.67371,0.0,0.27112,0.0,0.52315
portfoliovqe,5,0.37596,0.11216,0.40918,0.67932,0.87054,0.89831,0.11842,0.25287,0.43333,0.24719000000000002,0.18251499999999998,0.350045,0.13,0.57,9.15,0.4,0.2,0.21429,0.73668,0.16752,0.89831,0.16752,0.43333
portfoliovqe,10,0.00066,1e-05,0.01075,0.63793,0.86588,0.89328,0.54113,0.60264,0.72593,0.270895,0.30132499999999995,0.363155,3.02,6.76,16.04,1.31,0.57,0.53846,0.37799,0.00038,0.89328,0.00038,0.72593
dj,5,0.77288,0.88357,0.77235,0.78378,0.8871,0.62,0.0,0.0,0.28,0.38644,0.441785,0.61258,0.32,0.17,15.54,2.27,1.06,0.0,0.91489,0.41856,0.55357,0.51337,0.15789
ae,2,0.94082,0.92503,0.91883,0.88889,0.91667,0.95745,0.0,0.0,0.0,0.47041,0.462515,0.476065,0.11,0.03,15.4,0.93,1.16,0.0,0.92,0.91805,0.94118,0.58908,0.0
twolocalrandom,4,0.56618,0.24887,0.65415,0.75484,0.8835,0.83636,0.13158,0.0,0.27778,0.34888,0.124435,0.37957,0.75,0.22,14.83,1.14,0.76,0.0,0.65385,0.40802,0.83636,0.40802,0.27778
dj,15,0.37965,0.30344,0.23081,0.7,0.87366,0.87352,0.06667,0.08511,0.41221,0.22316,0.194275,0.37124,0.97,0.41,2.38,11.56,2.27,0.64423,0.52727,0.00816,0.46964,0.0,0.42969
vqe,19,0.24431,0.16396,0.27613,0.86567,0.91892,0.92516,0.44444,0.44444,0.55556,0.344375,0.3042,0.4466,2.36,0.39,1.72,10.74,2.07,0.58667,0.76115,6e-05,0.44575,0.00185,0.44444
pricingcall,5,0.32029,0.30787,0.06097,0.66667,0.88081,0.91592,0.03846,0.03659,0.07059,0.179375,0.17223,0.241385,2.49,0.42,0.87,11.58,2.13,0.05769,0.86902,0.41218,0.64286,0.00024,0.09574
wstate,16,0.30046,0.28983,0.31925,0.78102,0.90964,0.87376,0.43333,0.43333,0.53608,0.36689499999999997,0.36158,0.42559,1.73,0.32,3.45,3.08,3.22,0.43333,0.85075,0.00045,0.46898,0.00039,0.52941
graphstate,18,0.06663,0.29888,0.25204,0.45492,0.89157,0.84507,0.56391,0.66667,0.7265,0.31527,0.48277499999999995,0.42252999999999996,1.31,0.41,2.55,4.08,2.61,0.69048,0.65854,0.00024,0.33898,4e-05,0.48485
su2random,9,0.01375,0.00016,0.0078,0.63515,0.87026,0.82609,0.47561,0.49096,0.69444,0.24467999999999998,0.24556,0.34977499999999995,7.76,1.21,4.2,1.81,2.15,0.41481,0.27419,0.00511,0.82609,0.00511,0.69444
qpeexact,9,0.07696,0.0065,0.00085,0.5027,0.86796,0.85252,0.39674,0.34314,0.47561,0.23685,0.17482,0.269865,2.17,0.89,26.63,0.96,0.82,0.506,0.4781,0.01459,0.85252,0.01459,0.47561
qaoa,4,0.5904,0.39395,0.65688,0.70526,0.88421,0.91667,0.28571,0.31818,0.375,0.438055,0.356065,0.484205,0.23,0.39,2.3,2.86,3.45,0.0,0.73118,0.59341,0.91667,0.59341,0.375
graphstate,16,0.34196,0.13885,0.36892,0.69784,0.88217,0.84959,0.69048,0.64474,0.7398,0.51622,0.391795,0.41800000000000004,0.18,0.6,2.44,1.4,7.29,0.55172,0.71287,0.00293,0.44944,2e-05,0.6044
ghz,18,0.48053,0.26829,0.40171,0.55263,0.92377,0.87857,0.0,0.0,0.39205,0.240265,0.134145,0.421935,0.93,0.2,3.34,0.12,5.95,0.45763,0.2625,0.01019,0.1066,0.02589,0.0
qpeinexact,6,0.38325,0.47922,0.43946,0.61783,0.87634,0.85657,0.16667,0.17391,0.34211,0.27496,0.326565,0.37251,0.94,0.46,9.29,0.48,3.11,0.30556,0.52632,0.06052,0.41538,0.15349,0.25
qftentangled,14,2e-05,0.0,0.00701,0.47592,0.86565,0.86862,0.52757,0.73295,0.75184,0.263795,0.366475,0.30176,0.49,2.59,8.81,2.4,4.13,0.72447,0.37091,0.0,0.25877,0.0,0.56354
qaoa,13,0.08685,0.14855,0.13107,0.68454,0.88388,0.87487,0.65,0.71642,0.72786,0.368425,0.43248499999999995,0.40438,0.72,0.59,8.33,0.33,3.63,0.67769,0.6462,0.00011,0.3231,1e-05,0.61017
graphstate,9,0.37982,0.5218,0.55594,0.69512,0.9011,0.91667,0.32,0.5,0.55556,0.34991,0.5109,0.55575,0.15,0.29,5.52,1.16,0.86,0.55556,0.91667,0.55594,0.91667,0.55594,0.55556
wstate,20,0.2396,0.30148,0.18283,0.78035,0.90952,0.86887,0.44737,0.44737,0.56655,0.343485,0.374425,0.32504500000000003,1.36,0.42,5.22,3.62,4.24,0.40323,0.77536,0.00535,0.52589,0.0,0.35484
groundstate,14,0.0,0.0,0.00153,0.54779,0.86552,0.82276,0.55539,0.72511,0.71235,0.277695,0.362555,0.32667,0.61,7.87,10.35,4.36,7.11,0.6059,0.34215,0.0,0.42019,0.0,0.59772
groundstate,14,0.0,0.0,0.0,0.57073,0.86552,0.82799,0.52639,0.72511,0.69528,0.263195,0.362555,0.307605,0.81,7.82,8.11,4.47,7.05,0.65869,0.3755,0.0,0.48585,0.0,0.53455
portfolioqaoa,6,0.05435,0.09913,0.10127,0.56923,0.86809,0.91018,0.41667,0.35238,0.53333,0.23551,0.225755,0.270205,0.35,6.1,7.19,4.56,1.41,0.29577,0.43651,0.05882,0.91018,0.05882,0.53333
qpeexact,13,0.00022,1e-05,0.00468,0.52763,0.8651,0.85699,0.47248,0.61229,0.68033,0.23635,0.30615,0.308415,11.79,2.19,5.95,3.14,4.21,0.48491,0.37129,0.0,0.26821,0.0,0.55283
vqe,17,0.27892,0.21378,0.33642,0.86147,0.91919,0.88372,0.4375,0.4375,0.51261,0.35821000000000003,0.32564,0.4397,1.09,0.35,15.03,5.12,0.55,0.50847,0.77985,0.0,0.89231,0.0,0.59412
twolocalrandom,5,0.42466,0.11178,0.22941,0.64444,0.87729,0.82857,0.125,0.25287,0.43333,0.27483,0.182325,0.33137,0.5,0.37,7.0,0.05,0.03,0.43333,0.82857,0.22941,0.82857,0.22941,0.43333
dj,3,0.91902,0.93979,0.90492,0.88235,0.90909,0.91304,0.0,0.0,0.48214,0.45951,0.469895,0.439995,0.09,0.04,7.55,1.36,0.84,0.0,0.9,0.14695,0.3253,0.87999,0.0
realamprandom,2,0.92474,0.916,0.93633,0.86957,0.89286,0.96154,0.0,0.0,0.0,0.46237,0.458,0.468165,0.39,0.03,9.55,1.32,4.51,0.0,0.93333,0.91063,0.93333,0.49853,0.0
qpeexact,3,0.88853,0.9013,0.88858,0.86207,0.88889,0.86538,0.0,0.0,0.0,0.444265,0.45065,0.455985,0.47,0.05,5.43,2.54,12.19,0.0,0.75,0.95471,0.92683,0.68882,0.0
su2random,2,0.92437,0.91554,0.77823,0.9,0.91892,0.96154,0.0,0.0,0.0,0.462185,0.45777,0.468165,0.27,0.05,2.7,0.88,3.86,0.0,0.94737,0.49853,0.96154,0.49853,0.0
qpeexact,10,0.00972,0.01353,0.00638,0.55485,0.86577,0.85263,0.39336,0.41786,0.54082,0.20154,0.215695,0.2736,0.55,0.87,2.93,2.65,1.89,0.54082,0.85263,0.00638,0.85263,0.00638,0.54082
ae,14,8e-05,0.0,0.00263,0.53619,0.86587,0.8663,0.45714,0.58562,0.66418,0.22861,0.29281,0.287985,2.12,18.93,3.25,3.19,4.93,0.62044,0.44196,0.0,0.32952,0.0,0.57796
graphstate,20,0.0942,0.15842,0.19649,0.54651,0.89249,0.9064,0.74359,0.66038,0.76392,0.418895,0.4094,0.34418499999999996,0.48,0.64,3.5,2.8,4.24,0.64602,0.61433,2e-05,0.30817,0.0,0.64474
dj,9,0.59618,0.42953,0.56434,0.6506,0.87634,0.91579,0.17241,0.0,0.43421,0.38429500000000005,0.214765,0.43073,0.47,0.29,2.37,2.38,5.29,0.40625,0.64835,0.0771,0.35593,0.59497,0.0
portfoliovqe,9,0.00908,0.00016,0.00856,0.67011,0.86516,0.89381,0.47009,0.49096,0.69444,0.239585,0.24556,0.34812499999999996,2.95,1.51,5.16,1.14,0.59,0.44894,0.57178,0.00181,0.89381,0.00181,0.69444
portfoliovqe,11,0.0,0.0,0.00032,0.58988,0.8648,0.89286,0.45886,0.63198,0.75152,0.22943,0.31599,0.375795,2.51,11.38,11.5,23.71,1.86,0.54502,0.6152,7e-05,0.89286,7e-05,0.75152
graphstate,3,0.88093,0.73034,0.84566,0.75,0.89831,0.94118,0.0,0.0,0.2,0.440465,0.36517,0.41113,0.06,0.22,6.61,1.74,4.1,0.0,0.83333,0.39252,0.54545,0.35224,0.0
realamprandom,7,0.06578,0.00438,0.00174,0.63655,0.87247,0.82,0.44199,0.44809,0.60317,0.253885,0.226235,0.325365,13.06,0.74,2.25,24.26,1.71,0.27559,0.27841,0.04756,0.82,0.04756,0.60317
dj,19,0.26507,0.07102,0.09154,0.65385,0.87011,0.8751,0.02778,0.26882,0.39683,0.14642499999999997,0.16992000000000002,0.34336999999999995,0.56,0.68,24.44,1.4,2.08,0.64943,0.46951,0.00642,0.44898,0.0,0.39216
qpeinexact,7,0.2228,0.24157,0.21494,0.60976,0.87392,0.85387,0.28125,0.27451,0.42857,0.252025,0.25804,0.291975,1.07,0.52,25.37,0.9,2.64,0.32121,0.39114,0.02109,0.41897,0.07152,0.35294
dj,20,0.26554,0.14628,0.07113,0.71905,0.87082,0.87236,0.05085,0.21176,0.41718,0.158195,0.17902,0.34095000000000003,0.9,0.56,2.6,1.93,1.41,0.65285,0.41337,0.02253,0.45485,0.0,0.34356
twolocalrandom,8,0.02216,0.00078,0.01116,0.59655,0.86974,0.81739,0.37607,0.48333,0.65476,0.19911500000000001,0.242055,0.336145,1.68,1.11,20.16,1.09,1.22,0.38643,0.36278,0.01753,0.81739,0.01753,0.65476
pricingcall,9,0.00152,0.00403,0.00034,0.61856,0.87522,0.86068,0.16216,0.21607,0.17763,0.08184,0.11005000000000001,0.13116,2.92,1.48,2.36,0.74,0.72,0.17763,0.86068,0.00034,0.86068,0.00034,0.17763
vqe,15,0.31005,0.38815,0.41259,0.875,0.92113,0.92802,0.42857,0.42857,0.46818,0.36931,0.40836,0.32346,1.91,0.3,18.0,1.61,2.54,0.37209,0.81933,0.00281,0.52174,0.00941,0.42857
graphstate,14,0.23192,0.45223,0.33226,0.5302,0.88814,0.84472,0.47143,0.46,0.78088,0.351675,0.45611500000000005,0.29965,1.12,0.43,18.23,2.66,3.14,0.64615,0.65969,0.00358,0.35806,0.00043,0.62
qgan,6,0.51488,0.55625,0.5583,0.77922,0.87671,0.92609,0.20588,0.22222,0.4,0.36038000000000003,0.389235,0.38942,0.52,0.24,5.15,2.62,1.96,0.11111,0.6281,0.37884,0.91525,0.00461,0.23529
groundstate,12,0.0004,1e-05,0.00471,0.61081,0.86476,0.82404,0.56556,0.56495,0.65698,0.28297999999999995,0.28247999999999995,0.33432,1.68,7.64,9.61,3.05,6.61,0.57732,0.27612,0.0,0.51412,0.0,0.63975
qaoa,8,0.32853,0.18781,0.35214,0.72527,0.87896,0.91667,0.66,0.70769,0.6875,0.494265,0.44775000000000004,0.51982,0.19,0.37,2.44,3.86,1.24,0.6875,0.91667,0.35214,0.91667,0.35214,0.6875
ghz,14,0.55986,0.65068,0.60816,0.56667,0.92398,0.87963,0.0,0.0,0.4434,0.27993,0.32534,0.30408,0.35,0.14,3.25,3.05,5.09,0.0,0.51515,0.26553,0.13821,0.08515,0.0
su2random,5,0.42466,0.11146,0.41629,0.64835,0.88049,0.84615,0.125,0.25287,0.43333,0.27483,0.182165,0.325515,0.72,0.38,5.53,1.79,3.43,0.21429,0.50296,0.2177,0.84615,0.2177,0.43333
qpeexact,5,0.41086,0.42941,0.01347,0.63303,0.87634,0.85635,0.125,0.15217,0.32353,0.26793,0.29079,0.29626,0.49,0.29,9.79,0.85,1.34,0.25,0.92661,0.12262,0.46457,0.25852,0.19231
vqe,7,0.60351,0.76201,0.52938,0.87879,0.92357,0.95312,0.33333,0.33333,0.33333,0.46842,0.54767,0.431355,0.32,0.13,3.3,1.08,1.22,0.33333,0.86364,0.56683,0.90323,0.16557,0.33333
tsp,9,0.29713,0.53585,0.58256,0.87915,0.89189,0.90544,0.6,0.6,0.6,0.448565,0.567925,0.5703499999999999,0.94,0.43,3.14,1.15,1.22,0.55814,0.90812,0.08544,0.90544,0.08544,0.6
ghz,13,0.56582,0.66574,0.66118,0.57143,0.92405,0.87117,0.0,0.0,0.41667,0.28291,0.33287,0.34068,0.41,0.16,3.35,9.91,2.6,0.0,0.51613,0.10481,0.18182,0.02941,0.28571
ghz,12,0.57438,0.71796,0.67477,0.57692,0.92414,0.87097,0.0,0.0,0.46753,0.28719,0.35898,0.347555,0.36,0.13,3.44,10.17,2.34,0.0,0.51724,0.1006,0.16304,0.03543,0.3
su2random,4,0.56618,0.24805,0.65415,0.76101,0.89254,0.85714,0.13158,0.0,0.27778,0.34888,0.124025,0.37072,0.92,0.2,2.11,1.52,1.1,0.0,0.65385,0.39127,0.85714,0.39127,0.27778
qpeexact,4,0.41583,0.59003,0.78517,0.78846,0.89076,0.86747,0.0,0.0,0.0,0.207915,0.295015,0.49238,0.52,0.15,2.33,1.44,0.11,0.0,0.62264,0.79174,0.66667,0.55479,0.0
vqe,6,0.76406,0.78609,0.71074,0.88636,0.92308,0.9537,0.3,0.3,0.3,0.53203,0.543045,0.549445,0.73,0.11,2.94,1.85,0.8,0.3,0.90566,0.59087,0.90566,0.20522,0.3
qaoa,9,0.27215,0.20399,0.30907,0.70222,0.88391,0.91667,0.65672,0.61404,0.66667,0.464435,0.409015,0.48787,0.46,0.45,1.94,1.79,0.54,0.66667,0.91667,0.30907,0.91667,0.30907,0.66667
ghz,15,0.52864,0.47762,0.55577,0.5625,0.92391,0.87931,0.0,0.0,0.48387,0.26432,0.23881,0.36868,0.52,0.17,3.94,1.79,4.3,0.25,0.36,0.02369,0.10405,0.06081,0.0
qgan,7,0.32412,0.14958,0.49475,0.62887,0.87305,0.92719,0.41667,0.33333,0.47619,0.37039500000000003,0.241455,0.369275,0.56,0.37,3.3,3.92,1.49,0.38095,0.58824,0.26363,0.91176,1e-05,0.50427
vqe,14,0.33531,0.54596,0.51398,0.87379,0.92121,0.90766,0.42308,0.42308,0.56934,0.379195,0.48452,0.43495000000000006,1.16,0.27,3.85,2.35,1.95,0.3125,0.85047,0.01467,0.6205,0.00071,0.53191
graphstate,15,0.27764,0.32013,0.37823,0.60305,0.89344,0.83951,0.75,0.58974,0.74667,0.5138199999999999,0.45493500000000003,0.452235,0.48,0.46,3.91,2.91,1.6,0.50877,0.70312,0.00116,0.33333,0.00011,0.58974
qpeinexact,6,0.36608,0.47882,0.39182,0.59398,0.8759,0.85657,0.14815,0.17391,0.25,0.257115,0.326365,0.28134000000000003,0.36,0.37,1.61,1.09,1.79,0.25,0.4878,0.15349,0.85657,0.15349,0.25
twolocalrandom,9,0.01917,0.00016,0.016,0.63936,0.86868,0.95599,0.44407,0.49096,0.69444,0.23162000000000002,0.24556,0.35002999999999995,0.47,1.27,4.23,4.22,0.88,0.49819,0.8841,0.00562,0.81538,4e-05,0.69444
realamprandom,6,0.21665,0.17588,0.23784,0.76257,0.87317,0.82353,0.48235,0.35152,0.53333,0.34950000000000003,0.2637,0.322695,0.22,0.49,1.97,1.36,1.17,0.41667,0.41463,0.11206,0.82353,0.11206,0.53333
dj,18,0.23515,0.23517,0.1202,0.67816,0.87312,0.87978,0.01786,0.18644,0.48293,0.126505,0.210805,0.3478,0.18,0.49,3.0,3.07,4.07,0.64516,0.48333,8e-05,0.28943,0.0,0.34545
portfoliovqe,10,0.00066,1e-05,0.01075,0.63736,0.86588,0.89328,0.54113,0.60264,0.72593,0.270895,0.30132499999999995,0.363155,0.77,7.28,7.23,0.33,0.84,0.53846,0.37799,0.00038,0.89328,0.00038,0.72593
pricingput,5,0.31397,0.27378,0.4151,0.66942,0.87895,0.86902,0.0,0.03261,0.07059,0.156985,0.15319500000000003,0.241385,0.16,7.13,5.42,0.15,0.99,0.07317,0.77717,0.41218,0.64286,0.06097,0.05769
su2random,3,0.72011,0.39912,0.77291,0.77011,0.89756,0.91667,0.0,0.0,0.0,0.360055,0.19956,0.39079,0.37,0.12,9.18,0.61,0.49,0.0,0.73913,0.7539,0.72414,0.55594,0.0
qpeexact,11,0.00051,0.00088,0.01756,0.47931,0.8663,0.85137,0.34768,0.44828,0.544,0.174095,0.22458,0.27281,0.95,14.89,3.57,0.66,0.43,0.52117,0.73671,0.00162,0.85137,0.00162,0.544
dj,8,0.44323,0.51734,0.63841,0.49485,0.8797,0.91358,0.02041,0.0,0.44262,0.23182,0.25867,0.478205,0.53,0.33,3.31,0.77,3.66,0.0,0.91358,0.21119,0.46018,0.63841,0.0
portfoliovqe,8,0.01155,0.00079,0.03308,0.62133,0.86732,0.89447,0.39085,0.48333,0.65476,0.2012,0.24206,0.331015,2.37,1.21,2.57,0.63,0.13,0.41346,0.64055,0.00727,0.89447,0.00727,0.65476
twolocalrandom,4,0.56618,0.24887,0.65415,0.75484,0.8835,0.83636,0.13158,0.0,0.27778,0.34888,0.124435,0.3429,1.11,0.22,6.59,3.45,0.91,0.0,0.65385,0.40802,0.83636,0.40802,0.27778
dj,2,0.97213,0.94496,0.97768,0.9,0.92308,0.96,0.0,0.0,0.0,0.486065,0.47248,0.48884,0.03,0.02,0.79,1.81,7.94,0.0,0.92857,0.97928,0.96875,0.79965,0.0
realamprandom,3,0.72011,0.39961,0.83117,0.76471,0.89231,0.9521,0.0,0.0,0.42308,0.360055,0.199805,0.39079,0.08,0.14,18.03,4.85,11.03,0.0,0.83607,0.09088,0.48344,0.03346,0.0
qpeexact,2,0.97173,0.98034,0.96454,0.91667,0.92308,0.94286,0.0,0.0,0.0,0.485865,0.49017,0.48227,0.04,0.02,2.16,2.48,4.28,0.0,0.84615,0.93405,0.97297,0.76968,0.0
qpeexact,12,0.00301,3e-05,0.00572,0.43937,0.86745,0.85725,0.51163,0.51055,0.6186,0.25732,0.25528999999999996,0.28886,1.11,10.32,28.65,2.78,3.0,0.44175,0.91443,0.0,0.26897,0.0,0.45405
vqe,16,0.28691,0.28481,0.36338,0.87179,0.92084,0.90909,0.43333,0.43333,0.55185,0.36012,0.35907,0.425195,1.53,0.3,20.36,2.91,6.85,0.45098,0.80233,0.00121,0.48669,0.00034,0.52941
portfolioqaoa,7,0.01663,0.00057,3e-05,0.54992,0.86845,0.90722,0.46241,0.44715,0.60317,0.23951999999999998,0.22386,0.311625,0.93,1.17,8.7,1.17,1.09,0.60317,0.94611,0.02008,0.90722,0.02008,0.60317
graphstate,8,0.61978,0.36999,0.12696,0.71429,0.89474,0.91667,0.55,0.55,0.625,0.58489,0.45999500000000004,0.609205,0.07,0.39,11.08,1.3,1.76,0.58824,0.89308,0.59341,0.91667,0.59341,0.625
qaoa,12,0.15933,0.19249,0.13599,0.80488,0.89189,0.8764,0.70833,0.70833,0.67246,0.43383,0.45041,0.395665,2.54,0.35,6.21,1.17,3.67,0.54622,0.71734,0.00027,0.37158,0.0,0.64646
tsp,4,0.66978,0.76619,0.78091,0.88889,0.89655,0.90798,0.26667,0.26667,0.26667,0.468225,0.5164300000000001,0.519275,0.18,0.38,1.6,2.11,1.91,0.26667,0.9345,0.393,0.90798,0.393,0.26667
tsp,16,0.06327,0.12889,0.12053,0.87644,0.89051,0.84566,0.69333,0.69333,0.65833,0.3783,0.41111,0.255975,1.51,0.87,3.7,0.91,5.19,0.4031,0.8573,0.0,0.66339,0.0,0.625
qpeinexact,7,0.32817,0.24162,0.29824,0.59113,0.87376,0.85387,0.18072,0.27451,0.44633,0.25444500000000003,0.258065,0.241805,1.07,0.48,3.49,0.6,1.35,0.28571,0.50237,0.00767,0.37456,0.07152,0.35294
qftentangled,15,5e-05,0.0,0.00508,0.3998,0.86611,0.8553,0.59022,0.60719,0.72309,0.295135,0.303595,0.3748,1.28,6.14,8.43,3.72,1.55,0.72106,0.74368,0.0,0.23699,0.0,0.73197
qaoa,5,0.41606,0.21715,0.62471,0.72174,0.8731,0.9357,0.40625,0.28,0.4,0.411155,0.24857500000000002,0.460415,0.21,0.24,3.67,4.83,1.48,0.24138,0.74561,0.52083,0.91667,0.00795,0.34211
graphstate,17,0.16194,0.04897,0.24663,0.56897,0.88316,0.84615,0.42667,0.51948,0.75524,0.294305,0.284225,0.35906,1.58,0.46,5.95,2.34,2.43,0.51087,0.62449,0.0,0.85212,0.00019,0.54412
ghz,19,0.43999,0.26123,0.34138,0.55,0.92373,0.87204,0.0,0.0,0.42,0.219995,0.130615,0.393785,1.79,0.2,4.7,3.11,1.71,0.40909,0.25,0.15279,0.12791,0.0058,0.22222
su2random,8,0.00762,0.00078,0.02431,0.44928,0.87207,0.82927,0.34539,0.48333,0.65476,0.176505,0.242055,0.33544,2.46,1.04,6.27,1.18,8.82,0.4214,0.31264,0.01612,0.82927,0.01612,0.65476
qpeexact,8,0.12194,0.01795,0.11885,0.53521,0.86971,0.85393,0.22727,0.29221,0.4,0.174605,0.15508000000000002,0.313045,1.14,0.81,7.05,1.47,8.28,0.42703,0.41824,0.03465,0.85393,0.03465,0.4
wstate,17,0.29124,0.21923,0.33728,0.78082,0.9096,0.88321,0.4375,0.4375,0.57721,0.36436999999999997,0.328365,0.439995,2.14,0.34,5.77,1.87,10.15,0.50847,0.79298,0.00084,0.50183,0.00466,0.4375
vqe,18,0.27046,0.16932,0.30421,0.85714,0.91885,0.92308,0.44118,0.44118,0.56026,0.35582,0.30525,0.44445,2.0,0.36,5.32,2.15,9.97,0.55224,0.76655,0.00056,0.48403,0.0025,0.44118
graphstate,19,0.14805,0.25134,0.22161,0.51648,0.89301,0.90962,0.57955,0.5102,0.7994,0.3638,0.38077,0.45061,0.24,0.71,3.22,6.92,2.35,0.67961,0.62409,0.00081,0.3626,0.0,0.59574
dj,14,0.3918,0.35471,0.28036,0.67333,0.8739,0.87761,0.08163,0.06977,0.41989,0.23671499999999998,0.21224,0.387895,0.69,0.33,3.21,3.04,2.29,0.65934,0.545,0.00456,0.37586,3e-05,0.52439
ae,3,0.91888,0.68565,0.67788,0.81081,0.89888,0.91549,0.0,0.0,0.0,0.45944,0.342825,0.439485,0.07,0.11,1.61,1.3,103.41,0.0,0.91549,0.23865,0.96618,0.67788,0.0
twolocalrandom,5,0.42466,0.11178,0.39771,0.64444,0.87729,0.82857,0.125,0.25287,0.43333,0.27483,0.182325,0.33137,0.98,0.43,1.36,2.26,3.87,0.26667,0.48571,0.22941,0.82857,0.22941,0.43333
qpeinexact,14,0.00024,1e-05,1e-05,0.42985,0.86538,0.86864,0.49738,0.51969,0.55665,0.24881,0.25984999999999997,0.30527,3.4,18.55,27.44,5.23,10.08,0.52459,0.53851,0.0,0.86576,0.0,0.50336
portfoliovqe,4,0.50175,0.24962,0.64935,0.73626,0.87919,0.9011,0.125,0.0,0.27778,0.313375,0.12481,0.307825,0.46,0.29,5.72,2.65,2.41,0.0,0.81443,0.33787,0.9011,0.33787,0.27778
portfoliovqe,11,0.0,0.0,0.00026,0.58961,0.8648,0.89286,0.45886,0.63198,0.75152,0.22943,0.31599,0.375795,3.57,11.74,150.13,10.04,1.64,0.56885,0.47974,7e-05,0.89286,7e-05,0.75152
dj,4,0.64573,0.64459,0.93699,0.875,0.90323,0.90909,0.0,0.0,0.48485,0.322865,0.322295,0.53469,0.33,0.06,6.05,1.54,7.47,0.0,0.88889,0.08362,0.27737,0.82875,0.0
pricingput,9,0.00124,0.00064,0.00033,0.62959,0.87431,0.92975,0.17201,0.30303,0.33731,0.086625,0.151835,0.170345,10.55,1.46,5.04,11.42,5.7,0.17763,0.86194,0.0,0.44623,0.0,0.28239
portfoliovqe,3,0.71932,0.40149,0.76962,0.79798,0.87861,0.94309,0.0,0.0,0.38462,0.35966,0.200745,0.388835,1.02,0.13,6.96,4.74,8.66,0.0,0.84211,0.26559,0.5,0.05986,0.0
qaoa,15,0.08511,0.03815,0.10656,0.68783,0.87723,0.86613,0.76271,0.71795,0.75887,0.42391,0.37805,0.36103500000000005,1.01,0.69,5.71,6.4,3.73,0.58824,0.625,1e-05,0.31136,0.0,0.57265
wstate,13,0.43792,0.57026,0.58453,0.78182,0.90977,0.8835,0.41667,0.41667,0.56349,0.427295,0.493465,0.50666,0.57,0.26,5.6,5.44,3.31,0.37037,0.86294,0.05716,0.62048,0.03016,0.41667
twolocalrandom,8,0.02216,0.00078,0.00203,0.59655,0.86974,0.81739,0.37607,0.48333,0.65476,0.19911500000000001,0.242055,0.336145,7.48,1.05,3.94,1.97,4.0,0.43713,0.25112,0.01753,0.81739,0.01753,0.65476
qpeinexact,13,0.00025,1e-05,0.0032,0.44695,0.86594,0.86432,0.53673,0.49806,0.62667,0.26849,0.249035,0.2977,1.93,2.22,20.48,5.24,23.57,0.56396,0.62142,0.0,0.27885,0.0,0.53891
ghz,6,0.85826,0.83376,0.77459,0.64286,0.92537,0.92754,0.0,0.0,0.0,0.42913,0.41688,0.343125,0.07,0.06,5.34,1.63,2.94,0.0,0.84848,0.68659,0.64286,0.36808,0.0
dj,17,0.15034,0.25068,0.09633,0.54106,0.87327,0.87422,0.33684,0.14545,0.4375,0.24358999999999997,0.198065,0.35203,0.16,0.4,6.81,4.21,2.43,0.60773,0.38851,0.0,0.87045,0.0,0.31405
twolocalrandom,12,1e-05,0.0,0.00094,0.58373,0.86617,0.86297,0.54023,0.61356,0.76992,0.27011999999999997,0.30678,0.349615,13.2,8.08,6.41,6.17,4.33,0.61013,0.20523,0.0,0.17004,0.0,0.57565
ghz,2,0.95696,0.93729,0.96732,0.83333,0.93333,0.94118,0.0,0.0,0.0,0.47848,0.468645,0.47212,0.02,0.03,2.43,1.25,2.21,0.0,0.83333,0.92393,0.97368,0.73756,0.0
qft,3,0.88352,0.60381,0.84839,0.58621,0.8835,0.9447,0.0,0.0,0.5,0.44176,0.301905,0.312755,0.11,0.12,23.4,8.4,9.91,0.0,0.58621,0.30883,0.34545,0.16748,0.0
graphstate,4,0.84798,0.66442,0.77033,0.85,0.89474,0.92754,0.33333,0.1,0.375,0.5906549999999999,0.38221,0.510165,0.09,0.12,1.77,3.9,4.81,0.25,0.91667,0.76183,0.71429,0.24267,0.3
qft,10,0.07554,0.00072,0.1054,0.51325,0.86621,0.84783,0.36139,0.41581,0.64762,0.218465,0.208265,0.32616999999999996,1.81,6.18,5.32,4.9,3.22,0.55967,0.3925,0.00472,0.84783,0.00472,0.64762
qaoa,11,0.08284,0.05145,0.22018,0.61074,0.87611,0.91667,0.68103,0.67347,0.72727,0.381935,0.36246,0.48267499999999997,0.56,0.51,5.57,1.9,0.05,0.67227,0.61111,0.23808,0.91667,0.23808,0.72727
qpeinexact,4,0.73056,0.39213,0.7591,0.69841,0.88406,0.86239,0.0,0.0,0.33333,0.36528,0.196065,0.46747,0.29,0.15,1.75,1.54,20.12,0.0,0.65,0.375,0.69595,0.45273,0.0
groundstate,4,0.63197,0.40642,0.74162,0.7619,0.88202,0.9404,0.16667,0.0,0.25,0.39932,0.20321,0.417775,0.59,0.17,9.63,3.13,1.59,0.0,0.87425,0.45236,0.91892,0.01178,0.13889
graphstate,14,0.23192,0.45223,0.48954,0.5302,0.88814,0.84286,0.47143,0.46,0.77043,0.351675,0.45611500000000005,0.489205,0.56,0.39,20.05,3.28,3.57,0.64286,0.7931,0.002,0.35264,0.00124,0.65909
qaoa,6,0.40341,0.10552,0.45712,0.70213,0.875,0.91667,0.54762,0.4127,0.58333,0.475515,0.25911,0.520225,0.55,0.28,8.13,2.24,2.05,0.58333,0.91667,0.45712,0.91667,0.45712,0.58333
vqe,9,0.58183,0.69833,0.72594,0.87402,0.92118,0.86207,0.375,0.375,0.375,0.478415,0.536665,0.38795999999999997,0.39,0.16,17.73,1.97,1.19,0.31579,0.85821,0.52966,0.9,0.42974,0.375
pricingcall,11,1e-05,0.00057,0.0,0.59951,0.87591,0.86349,0.35234,0.28037,0.42155,0.176175,0.14047,0.195275,0.72,2.04,26.17,2.79,5.39,0.25849,0.87401,0.0,0.42096,2e-05,0.24757
wstate,14,0.35069,0.55115,0.52598,0.78151,0.90972,0.88341,0.42308,0.42308,0.61842,0.38688500000000003,0.487115,0.43540500000000004,0.44,0.27,3.43,3.46,16.44,0.34483,0.86385,0.01364,0.59467,0.0193,0.42308
pricingcall,7,0.05409,0.00443,0.00455,0.66847,0.87641,0.86272,0.17391,0.19712,0.16667,0.114,0.10077499999999999,0.08561,3.83,0.85,1.82,2.72,14.3,0.16667,0.86272,0.00455,0.86272,0.00455,0.16667
qgan,8,0.25284,0.07089,0.39438,0.70909,0.87163,0.90909,0.275,0.41,0.53571,0.26392000000000004,0.240445,0.35447,1.93,0.62,18.45,1.71,2.23,0.45455,0.54167,0.17323,0.90909,0.17323,0.53571
qft,14,1e-05,0.0,0.00537,0.48054,0.86552,0.86878,0.55056,0.62284,0.76621,0.275285,0.31142,0.274955,5.79,10.7,4.32,5.66,5.11,0.56204,0.35605,0.0,0.25906,0.0,0.53019
dj,17,0.15034,0.25068,0.18589,0.54545,0.87327,0.87773,0.33684,0.14545,0.45622,0.24358999999999997,0.198065,0.39483999999999997,0.9,0.57,3.22,4.27,4.1,0.40323,0.51562,0.00147,0.37822,0.0,0.32143
realamprandom,9,0.01915,0.00016,0.00916,0.63892,0.86868,0.95599,0.44407,0.49096,0.69444,0.23161,0.24556,0.35002999999999995,7.43,1.3,3.81,4.26,1.33,0.44894,0.22768,0.00562,0.81538,4e-05,0.69444
twolocalrandom,6,0.21649,0.17588,0.19123,0.76712,0.87317,0.82353,0.48235,0.35152,0.53333,0.34942,0.2637,0.322695,3.73,0.47,3.77,2.77,2.25,0.29193,0.38783,0.11206,0.82353,0.11206,0.53333
qpeinexact,9,0.10297,0.04406,0.07544,0.57216,0.86749,0.85237,0.24096,0.39556,0.46429,0.171965,0.21981,0.238735,1.88,0.92,4.31,3.63,2.38,0.37719,0.41985,0.01318,0.85237,0.01318,0.46429
dj,7,0.46557,0.61459,0.68145,0.53488,0.88235,0.91304,0.0,0.0,0.375,0.232785,0.307295,0.585635,2.03,0.22,3.23,2.71,4.44,0.0,0.91304,0.2327,0.48387,0.68145,0.0
portfoliovqe,7,0.04774,0.00451,0.13512,0.67919,0.86642,0.89535,0.46341,0.44809,0.60317,0.255575,0.2263,0.31387,3.39,0.73,11.43,0.42,2.68,0.51429,0.67391,0.02457,0.89535,0.02457,0.60317
qpeinexact,17,0.0,0.0,8e-05,0.4665,0.86478,0.86771,0.5311,0.61496,0.68575,0.26555,0.30748,0.29157,1.98,11.4,9.22,3.95,8.69,0.62225,0.36459,0.0,0.24483,0.0,0.55043
portfoliovqe,12,0.0,0.0,5e-05,0.62954,0.86472,0.83269,0.54897,0.61356,0.66667,0.274485,0.30678,0.32480499999999995,1.64,9.55,6.18,1.24,7.97,0.50665,0.33711,0.0,0.49485,0.0,0.71694
ghz,20,0.41648,0.40614,0.26321,0.54762,0.92369,0.87215,0.0,0.0,0.46341,0.20824,0.20307,0.36557,14.69,0.21,9.44,1.66,4.63,0.45122,0.21905,0.0056,0.10088,0.00514,0.21429
wstate,10,0.54872,0.67285,0.69269,0.78313,0.91,0.88387,0.38889,0.38889,0.38889,0.468805,0.53087,0.547975,11.91,0.24,17.29,0.2,1.49,0.33333,0.85906,0.36264,0.88387,0.36264,0.38889
vqe,19,0.24431,0.16396,0.27613,0.86517,0.91892,0.90924,0.44444,0.44444,0.61789,0.344375,0.3042,0.4466,1.64,0.4,14.41,1.05,4.78,0.58667,0.76115,0.0,0.89442,0.00015,0.52632
qpeinexact,10,0.0539,0.02614,0.03799,0.52442,0.86749,0.85239,0.3125,0.45736,0.5,0.1832,0.24175,0.252605,1.45,6.15,8.36,1.71,0.1,0.47778,0.42308,0.00521,0.85239,0.00521,0.5
portfolioqaoa,8,0.00276,0.0001,0.03117,0.47059,0.8645,0.90498,0.39722,0.48958,0.65476,0.19999,0.24484,0.21451499999999998,8.12,1.46,9.5,1.1,1.32,0.56452,0.3961,0.00577,0.90498,0.00577,0.65476
qft,3,0.88352,0.60381,0.86463,0.58621,0.8835,0.92453,0.0,0.0,0.0,0.44176,0.301905,0.424195,0.15,0.11,7.02,4.01,1.44,0.0,0.58621,0.82284,0.52941,0.22776,0.0
ghz,5,0.87527,0.86478,0.81391,0.66667,0.92593,0.85185,0.0,0.0,0.0,0.437635,0.43239,0.406955,0.03,0.07,7.08,1.66,2.78,0.0,0.85185,0.72969,0.93846,0.81391,0.0
twolocalrandom,11,0.0,0.0,0.00071,0.45606,0.86772,0.8125,0.46088,0.63198,0.75152,0.23044,0.31599,0.37595,3.29,11.26,4.48,0.92,8.37,0.53427,0.24735,0.00038,0.8125,0.00038,0.75152
dj,14,0.3918,0.35471,0.04437,0.67333,0.8739,0.88292,0.08163,0.06977,0.22388,0.23671499999999998,0.21224,0.38837499999999997,6.38,0.32,13.07,3.09,2.36,0.61468,0.55328,0.19076,0.58385,0.00121,0.21311
graphstate,7,0.35077,0.64165,0.63341,0.42157,0.88889,0.93421,0.32203,0.18182,0.37838,0.33640000000000003,0.411735,0.428615,0.22,0.21,1.37,1.61,11.17,0.14286,0.91667,0.41767,0.65421,0.22141,0.4
wstate,3,0.85378,0.88981,0.88362,0.8,0.91304,0.95238,0.0,0.0,0.0,0.42689,0.444905,0.460565,0.1,0.07,2.16,1.21,8.29,0.0,0.9,0.92113,0.9,0.44871,0.0
qft,13,2e-05,9e-05,0.02171,0.42593,0.86562,0.86965,0.48157,0.70345,0.7393,0.240795,0.35177,0.364105,1.37,5.74,2.57,2.34,5.59,0.60094,0.38081,0.0,0.27058,0.0,0.45305
graphstate,20,0.0942,0.15842,0.05675,0.54651,0.89249,0.84768,0.74359,0.66038,0.76591,0.418895,0.4094,0.43906,0.86,0.61,14.36,3.45,2.16,0.58268,0.49603,2e-05,0.3125,1e-05,0.66304
qpeinexact,8,0.09747,0.01721,0.23012,0.48923,0.87018,0.85393,0.31325,0.29032,0.4,0.20536,0.153765,0.27294,1.08,0.77,3.37,13.08,1.55,0.39597,0.47163,0.03465,0.85393,0.03465,0.4
ghz,11,0.68734,0.71143,0.60473,0.58333,0.92424,0.84127,0.0,0.0,0.43548,0.34367,0.355715,0.374975,0.28,0.11,1.52,13.69,2.7,0.0,0.84127,0.22584,0.10145,0.60473,0.0
qftentangled,2,0.94102,0.92579,0.89981,0.88235,0.93103,0.93023,0.0,0.0,0.0,0.47051,0.462895,0.449905,0.26,0.03,1.41,1.45,2.23,0.0,0.7,0.89468,0.66667,0.4239,0.0
qpeexact,7,0.27649,0.28574,0.34919,0.61947,0.87228,0.85449,0.33721,0.30851,0.42553,0.30685,0.297125,0.25659,0.16,0.47,4.69,2.66,13.39,0.34043,0.77404,0.08765,0.85449,0.08765,0.42553
vqe,5,0.80542,0.81668,0.65212,0.89041,0.92381,0.86667,0.25,0.25,0.25,0.52771,0.5333399999999999,0.45106,0.04,0.09,1.93,0.45,2.16,0.25,0.86667,0.65212,0.86667,0.65212,0.25
su2random,7,0.08198,0.00435,0.06204,0.70265,0.87474,0.83333,0.45833,0.44809,0.60317,0.27015500000000003,0.22622,0.32367999999999997,1.36,0.69,12.9,0.18,0.16,0.40586,0.3324,0.04419,0.83333,0.04419,0.60317
ghz,16,0.50032,0.38077,0.43266,0.55882,0.92386,0.87903,0.0,0.0,0.44681,0.25016,0.190385,0.396885,0.56,0.18,11.17,0.13,1.36,0.36111,0.34545,0.01621,0.11875,0.03762,0.0
qftentangled,15,5e-05,0.0,0.00532,0.4004,0.86611,0.86728,0.59022,0.60719,0.73394,0.295135,0.303595,0.365985,1.82,6.19,5.08,1.71,1.28,0.72106,0.67083,0.0,0.23744,0.0,0.57709
qftentangled,2,0.94102,0.92579,0.73332,0.88235,0.93103,0.93023,0.0,0.0,0.0,0.47051,0.462895,0.449905,0.33,0.03,4.94,0.39,1.32,0.0,0.85366,0.91805,0.94118,0.4239,0.0
graphstate,18,0.06663,0.29888,0.25204,0.45492,0.89157,0.84507,0.56391,0.66667,0.72934,0.31527,0.48277499999999995,0.42252999999999996,0.66,0.48,4.84,0.99,0.93,0.69048,0.65854,0.00023,0.33898,4e-05,0.48485
qgan,4,0.79464,0.56172,0.8076,0.85526,0.89286,0.92683,0.09091,0.0,0.16667,0.44277500000000003,0.28086,0.43741,0.1,0.12,3.77,1.41,0.93,0.0,0.85366,0.65862,0.92683,0.65862,0.16667
graphstate,16,0.34196,0.13885,0.36892,0.69784,0.88217,0.84419,0.69048,0.64474,0.75122,0.51622,0.391795,0.518685,0.35,0.44,2.02,3.93,0.17,0.55172,0.71287,0.00247,0.43836,0.00032,0.74545
vqe,17,0.27892,0.21378,0.34369,0.86087,0.91919,0.89956,0.4375,0.4375,0.52759,0.35821000000000003,0.32564,0.4397,1.67,0.39,1.92,4.55,0.53,0.53571,0.78868,0.00058,0.48399,0.0,0.52174
wstate,18,0.2819,0.17545,0.30797,0.78065,0.90957,0.87294,0.44118,0.44118,0.57047,0.36154,0.308315,0.44469499999999995,0.7,0.36,13.06,2.71,5.38,0.55224,0.74131,0.00094,0.49406,0.0,0.27
qpeinexact,5,0.40707,0.41306,0.6257,0.62037,0.87664,0.85635,0.12195,0.17021,0.22034,0.26451,0.291635,0.34129000000000004,0.37,0.28,11.33,0.77,4.13,0.12195,0.59,0.34345,0.5,0.25852,0.19231
realamprandom,5,0.42466,0.11178,0.24133,0.64444,0.87729,0.82857,0.125,0.25287,0.43333,0.27483,0.182325,0.33137,0.17,0.38,12.77,1.2,2.3,0.38636,0.39171,0.22941,0.82857,0.22941,0.43333
qgan,2,0.95482,0.93676,0.96477,0.94737,0.94737,0.97826,0.0,0.0,0.0,0.47741,0.46838,0.482385,0.02,0.03,9.65,1.46,7.61,0.0,0.97143,0.92415,0.97368,0.65884,0.0
qpeexact,12,0.01281,3e-05,0.00391,0.48415,0.86648,0.85725,0.39665,0.51055,0.65836,0.20473,0.25528999999999996,0.28956499999999996,0.42,9.54,9.23,1.58,3.15,0.56512,0.64359,0.0,0.28586,0.0,0.46096
twolocalrandom,7,0.06579,0.00438,0.1396,0.63508,0.87247,0.82,0.44199,0.44809,0.60317,0.25389,0.226235,0.325365,0.27,0.69,5.12,0.77,1.52,0.51429,0.3617,0.04756,0.82,0.04756,0.60317
vqe,15,0.31005,0.38815,0.41259,0.875,0.92113,0.92802,0.42857,0.42857,0.45575,0.36931,0.40836,0.410745,0.34,0.29,5.99,1.25,2.79,0.37209,0.81933,0.00216,0.51502,0.00941,0.42857
su2random,11,0.0,0.0,0.00071,0.45756,0.86882,0.84375,0.46088,0.63198,0.75152,0.23044,0.31599,0.37588,0.68,11.29,3.67,0.25,1.64,0.53427,0.24735,0.00024,0.84375,0.00024,0.75152
qpeexact,11,0.00861,0.00087,0.01756,0.5719,0.86867,0.86862,0.38168,0.44828,0.544,0.195145,0.224575,0.27281,0.37,14.88,4.49,1.03,0.47,0.52117,0.73671,0.00162,0.85137,0.0,0.44041
dj,18,0.23515,0.23517,0.10963,0.67816,0.87312,0.87485,0.01786,0.18644,0.41958,0.126505,0.210805,0.34807,0.12,0.5,8.02,0.23,0.48,0.39205,0.52174,0.15837,0.46038,0.0,0.66346
ae,3,0.91915,0.68244,0.84296,0.81081,0.9011,0.91304,0.0,0.0,0.46154,0.459575,0.34122,0.434695,0.28,0.1,3.78,0.6,0.75,0.0,0.80851,0.65241,0.79528,0.68145,0.0
wstate,3,0.85378,0.88981,0.79494,0.8,0.91304,0.95238,0.0,0.0,0.0,0.42689,0.444905,0.460565,0.19,0.05,2.01,1.34,2.01,0.0,0.88889,0.9218,0.875,0.44871,0.0
ghz,9,0.75724,0.76786,0.72252,0.6,0.92453,0.84314,0.0,0.0,0.0,0.37862,0.38393,0.39984,0.09,0.09,29.31,1.07,1.47,0.0,0.52174,0.6128,0.96947,0.66768,0.0
portfolioqaoa,4,0.39359,0.1109,0.50991,0.66304,0.88412,0.92035,0.12903,0.0,0.27778,0.26131,0.05545,0.28942500000000004,0.26,0.27,29.44,1.42,1.06,0.0,0.64474,0.30107,0.92035,0.30107,0.27778
portfolioqaoa,3,0.62633,0.25623,0.64294,0.74561,0.88971,0.91892,0.0,0.0,0.0,0.313165,0.128115,0.31581,0.09,0.17,0.96,1.03,5.03,0.0,0.69697,0.67036,0.84324,0.55158,0.0
pricingcall,11,1e-05,0.00057,0.0,0.61591,0.87659,0.86053,0.34141,0.28037,0.42263,0.17071,0.14047,0.195275,0.84,1.82,4.54,0.34,3.44,0.3868,0.42097,0.0,0.43362,2e-05,0.24757
qaoa,3,0.73411,0.4147,0.69742,0.73529,0.88235,0.9214,0.0,0.0,0.0,0.367055,0.20735,0.377625,0.07,0.13,2.75,1.17,1.58,0.0,0.70833,0.67611,0.91667,0.09581,0.0
ghz,8,0.77921,0.80239,0.50227,0.61111,0.92473,0.84444,0.0,0.0,0.0,0.389605,0.401195,0.328335,0.04,0.08,2.6,0.71,1.46,0.34884,0.2037,0.65667,0.61111,0.70157,0.0
portfolioqaoa,5,0.23174,0.05195,0.2756,0.57377,0.87338,0.9225,0.11538,0.24786,0.43333,0.17356,0.149905,0.2495,0.13,0.52,2.23,3.16,1.47,0.25,0.52,0.14503,0.91429,0.0,0.34028
dj,20,0.26554,0.14628,0.00132,0.7217,0.87082,0.87658,0.05085,0.21176,0.32727,0.158195,0.17902,0.34078,0.73,0.6,16.27,0.48,0.96,0.50784,0.4015,0.08614,0.76139,0.0,0.68504
dj,19,0.26507,0.07102,0.09219,0.65049,0.87011,0.88444,0.02778,0.26882,0.375,0.14642499999999997,0.16992000000000002,0.37081,0.74,0.7,8.64,0.62,0.57,0.64943,0.42574,0.12279,0.43434,0.0,0.23077
ae,2,0.94082,0.92503,0.95213,0.875,0.91667,0.95918,0.0,0.0,0.0,0.47041,0.462515,0.476065,0.07,0.05,3.12,0.03,0.05,0.0,0.92593,0.95148,0.93103,0.58643,0.0
wstate,2,0.94102,0.92656,0.95157,0.81818,0.92,0.95349,0.0,0.0,0.0,0.47051,0.46328,0.475785,0.05,0.05,2.74,2.71,2.08,0.0,0.90476,0.91646,0.95918,0.63727,0.0
vqe,14,0.33531,0.54596,0.51398,0.87379,0.92121,0.92818,0.42308,0.42308,0.55944,0.379195,0.48452,0.453295,1.34,0.27,2.33,4.03,2.86,0.3125,0.85047,0.01434,0.61035,0.01645,0.42308
su2random,10,0.00456,1e-05,0.01103,0.65986,0.86957,0.84746,0.52571,0.60264,0.72593,0.265135,0.30132499999999995,0.36347999999999997,6.76,6.63,3.97,3.07,2.48,0.53668,0.24709,0.00103,0.84746,0.00103,0.72593
qpeexact,10,0.06177,0.01352,0.06648,0.55054,0.8673,0.85263,0.36842,0.41786,0.54082,0.215095,0.21569,0.2736,0.31,0.92,2.96,2.27,3.24,0.53077,0.42478,0.00638,0.85263,0.00638,0.54082
twolocalrandom,6,0.21649,0.17588,0.19123,0.76712,0.87317,0.82353,0.48235,0.35152,0.53333,0.34942,0.2637,0.322695,1.95,0.47,3.52,2.26,2.79,0.29193,0.38783,0.11206,0.82353,0.11206,0.53333
qpeexact,13,0.00094,1e-05,0.00405,0.44139,0.86445,0.86907,0.46467,0.61229,0.64516,0.232805,0.30615,0.298275,0.93,2.41,5.13,5.14,5.7,0.52254,0.39076,0.0,0.30507,0.0,0.51731
pricingput,7,0.0424,0.00266,0.00216,0.66102,0.87555,0.86309,0.18,0.21681,0.39,0.1112,0.109735,0.12055,2.94,1.01,39.81,3.69,3.31,0.2467,0.87919,0.00016,0.54002,0.00452,0.16667
routing,2,0.92513,0.916,0.91063,0.85714,0.89286,0.96154,0.0,0.0,0.0,0.462565,0.458,0.468165,0.02,0.03,2.4,1.04,4.87,0.0,0.93333,0.51823,0.94828,0.49853,0.0
portfoliovqe,12,0.0,0.0,0.00025,0.62954,0.86472,0.82419,0.54897,0.61356,0.72303,0.274485,0.30678,0.32480499999999995,4.24,8.16,15.04,5.11,6.56,0.5594,0.49065,0.0,0.83581,0.0,0.76
qgan,3,0.87921,0.72954,0.86245,0.84211,0.90164,0.95455,0.0,0.0,0.0,0.439605,0.36477,0.45399,0.83,0.09,6.08,4.55,2.88,0.0,0.89474,0.90798,0.89474,0.3284,0.0
realamprandom,4,0.5668,0.24887,0.65415,0.74834,0.8835,0.83636,0.13158,0.0,0.27778,0.34919,0.124435,0.3429,1.04,0.21,18.77,0.44,0.54,0.0,0.65385,0.40802,0.83636,0.40802,0.27778
qpeinexact,4,0.82743,0.39216,0.7591,0.61818,0.8835,0.86239,0.0,0.0,0.0,0.413715,0.19608,0.45932,0.38,0.18,13.26,0.46,1.21,0.0,0.65,0.43492,0.92638,0.45273,0.0
graphstate,17,0.16194,0.04897,0.24663,0.56897,0.88316,0.83794,0.42667,0.51948,0.72388,0.294305,0.284225,0.480005,0.42,0.48,2.58,2.5,3.14,0.51087,0.62449,0.0,0.85177,0.00088,0.60976
wstate,19,0.25572,0.16879,0.11477,0.78049,0.90955,0.88312,0.44444,0.44444,0.56504,0.35008,0.30661499999999997,0.23665,1.5,0.41,2.42,2.12,2.67,0.41243,0.53543,0.05572,0.55596,0.00227,0.44444
vqe,16,0.28691,0.28481,0.093,0.87179,0.92084,0.92754,0.43333,0.43333,0.55963,0.36012,0.35907,0.425195,1.15,0.31,2.84,1.69,3.42,0.52525,0.56195,0.00025,0.43911,0.00512,0.43333
qgan,5,0.6499,0.58948,0.51405,0.72,0.88235,0.92,0.14286,0.09091,0.3,0.39638,0.340195,0.40702499999999997,0.41,0.24,2.68,1.27,1.75,0.3,0.92,0.51405,0.92,0.51405,0.3
ghz,17,0.49176,0.32115,0.44933,0.55556,0.92381,0.87879,0.0,0.0,0.45918,0.24588,0.160575,0.41461000000000003,0.52,0.21,1.14,1.43,2.96,0.40385,0.27778,0.00422,0.09259,0.03221,0.0
qftentangled,14,2e-05,0.0,0.00084,0.47287,0.86565,0.86315,0.52757,0.73295,0.76585,0.263795,0.366475,0.2835,1.73,2.54,3.76,6.05,2.84,0.73084,0.37178,0.0,0.25344,0.0,0.56389
qftentangled,3,0.74757,0.69434,0.82622,0.57576,0.88235,0.85333,0.0,0.0,0.0,0.373785,0.34717,0.41311,0.44,0.13,3.5,2.16,2.79,0.0,0.58824,0.83981,0.6,0.56654,0.0
graphstate,19,0.14805,0.25134,0.1372,0.51648,0.89301,0.8466,0.57955,0.5102,0.73864,0.3638,0.38077,0.45061,0.74,0.64,2.76,2.8,3.42,0.63125,0.54286,0.00046,0.35055,2e-05,0.65823
qftentangled,3,0.74757,0.69434,0.81229,0.57576,0.88235,0.63158,0.0,0.0,0.40541,0.373785,0.34717,0.41311,0.4,0.17,2.48,2.65,6.11,0.0,0.58824,0.0939,0.45985,0.8057,0.0
qpeexact,6,0.47475,0.36447,0.45672,0.64286,0.87316,0.86237,0.27273,0.21739,0.39394,0.37373999999999996,0.29093,0.34306000000000003,0.55,0.36,2.34,3.1,10.38,0.23684,0.50327,0.42909,0.74016,0.01362,0.28125
vqe,4,0.82607,0.85825,0.85733,0.89286,0.925,0.86957,0.16667,0.16667,0.16667,0.49637,0.51246,0.5136700000000001,0.07,0.09,7.69,1.09,1.38,0.16667,0.91429,0.86067,0.91429,0.72378,0.16667
su2random,6,0.21591,0.17537,0.19123,0.77807,0.87575,0.83871,0.48235,0.35152,0.53333,0.34913,0.263445,0.31928,2.97,0.53,5.78,1.46,1.27,0.29193,0.38783,0.10523,0.83871,0.10523,0.53333
qpeinexact,9,0.10722,0.04402,0.11712,0.55584,0.86865,0.85237,0.27485,0.39556,0.46429,0.19103499999999998,0.21979,0.238735,2.15,0.93,4.56,2.26,4.24,0.42922,0.42969,0.01318,0.85237,0.01318,0.46429
ghz,10,0.70445,0.74823,0.63543,0.59091,0.92437,0.84211,0.0,0.0,0.45833,0.352225,0.374115,0.38406,0.32,0.2,3.06,1.59,5.3,0.0,0.84211,0.12776,0.15294,0.63543,0.0
wstate,2,0.94102,0.92656,0.95157,0.81818,0.92,0.95349,0.0,0.0,0.0,0.47051,0.46328,0.475785,0.11,0.03,4.03,1.39,14.3,0.0,0.90476,0.58625,0.96078,0.63727,0.0
graphstate,6,0.3497,0.4916,0.67611,0.35802,0.8835,0.93333,0.19231,0.25,0.34146,0.271005,0.3708,0.42139,1.23,0.19,4.43,3.22,4.26,0.16667,0.91667,0.1981,0.59406,0.20414,0.33333
qft,12,0.00336,0.00071,0.00639,0.45827,0.86534,0.87014,0.46499,0.51474,0.72444,0.234175,0.257725,0.36653,0.53,7.58,11.26,3.38,2.64,0.56693,0.84754,0.0,0.2671,0.0,0.52991
twolocalrandom,10,0.00457,1e-05,0.01103,0.65243,0.86817,0.81379,0.52571,0.60264,0.72593,0.26514,0.30132499999999995,0.363745,3.3,6.79,4.45,2.11,1.73,0.53668,0.24709,0.00156,0.81379,0.00156,0.72593
dj,15,0.37965,0.30344,0.23707,0.7,0.87366,0.87333,0.06667,0.08511,0.4,0.22316,0.194275,0.37167,8.1,0.41,4.51,10.33,2.73,0.34545,0.47867,0.0694,0.47867,1e-05,0.54737
routing,6,0.70652,0.74239,0.74752,0.87179,0.91713,0.95098,0.4,0.4,0.4,0.5532600000000001,0.571195,0.5818300000000001,0.05,0.15,2.92,1.95,1.0,0.33333,0.85,0.51376,0.89362,0.12851,0.4
qft,2,0.9255,0.91606,0.91297,0.84211,0.88462,0.92958,0.0,0.0,0.0,0.46275,0.45803,0.456485,0.16,0.04,0.97,2.04,0.51,0.0,0.6875,0.91063,0.93333,0.46806,0.0
ghz,4,0.88868,0.89451,0.52167,0.7,0.92683,0.85714,0.0,0.0,0.0,0.44434,0.447255,0.42761,0.27,0.07,2.14,1.07,2.93,0.0,0.93023,0.88505,0.97059,0.85522,0.0
qpeinexact,11,0.00051,0.00085,0.01375,0.47759,0.86689,0.85137,0.34983,0.45,0.544,0.17517,0.22542500000000001,0.27281,1.29,15.01,17.21,1.18,0.11,0.46802,0.65737,0.00162,0.85137,0.00162,0.544
wstate,11,0.41543,0.62863,0.67126,0.78261,0.90991,0.88372,0.4,0.4,0.4,0.40771500000000005,0.5143150000000001,0.54068,0.5,0.32,10.58,0.54,1.14,0.4,0.85294,0.32417,0.88372,0.32417,0.4
vqe,18,0.27046,0.16932,0.30421,0.85714,0.91885,0.88552,0.44118,0.44118,0.55882,0.35582,0.30525,0.44445,16.18,0.36,10.73,2.1,0.71,0.55224,0.76655,0.00016,0.4586,0.0,0.56024
dj,6,0.76069,0.73031,0.73646,0.71429,0.88172,0.92675,0.0,0.0,0.42857,0.380345,0.365155,0.478955,0.09,0.24,4.54,19.69,3.18,0.3913,0.62295,0.31114,0.76667,0.08866,0.0
portfoliovqe,6,0.09623,0.17638,0.23237,0.68337,0.86936,0.89655,0.43885,0.35152,0.53333,0.26754,0.26395,0.301625,0.94,0.51,3.16,1.47,1.02,0.41667,0.69427,0.06992,0.89655,0.06992,0.53333
qpeinexact,16,0.0,0.0,0.0001,0.49477,0.86464,0.86792,0.50444,0.52787,0.69606,0.25222,0.263935,0.274155,1.88,2.79,3.17,5.35,20.09,0.55439,0.35227,0.0,0.2504,0.0,0.54167
vqe,3,0.85148,0.88846,0.80332,0.90698,0.92727,0.95833,0.0,0.0,0.0,0.42574,0.44423,0.44127,0.23,0.06,1.93,1.65,1.72,0.0,0.875,0.41483,0.95833,0.41483,0.0
twolocalrandom,7,0.06579,0.00438,0.1396,0.63508,0.87247,0.82,0.44199,0.44809,0.60317,0.25389,0.226235,0.29674999999999996,2.95,0.68,3.51,2.11,1.99,0.51429,0.3617,0.04756,0.82,0.04756,0.60317
qpeinexact,8,0.11998,0.01718,0.11885,0.52669,0.86975,0.85393,0.22556,0.29032,0.4,0.17277,0.15375,0.313045,1.21,0.81,2.23,1.67,17.89,0.42703,0.41824,0.03465,0.85393,0.03465,0.4
dj,16,0.38908,0.27579,0.19093,0.75776,0.87313,0.875,0.05128,0.07843,0.44262,0.22018,0.17711,0.36194000000000004,0.14,0.45,2.59,4.47,3.57,0.64167,0.50617,0.00332,0.40196,1e-05,0.5463
realamprandom,8,0.02217,0.00078,0.02431,0.59162,0.86974,0.81739,0.37607,0.48333,0.65476,0.19912000000000002,0.242055,0.336145,0.5,1.74,4.84,2.24,1.16,0.4214,0.31264,0.01753,0.81739,0.01753,0.65476
qgan,9,0.21021,0.25707,0.17908,0.74005,0.86915,0.90698,0.40816,0.43089,0.58333,0.30918500000000004,0.34398,0.345405,0.32,1.0,3.21,2.24,1.12,0.31818,0.66917,0.10748,0.90698,0.10748,0.58333
qft,15,0.00042,0.0,0.00665,0.4948,0.86507,0.86791,0.62921,0.60312,0.5984,0.314815,0.30156,0.30088,0.62,18.24,3.33,2.66,6.53,0.65761,0.38598,0.0,0.86362,0.0,0.59513
wstate,15,0.32502,0.39363,0.41385,0.78125,0.90968,0.86978,0.42857,0.42857,0.5241,0.376795,0.4111,0.39297,0.36,0.32,4.83,1.09,4.26,0.37209,0.82158,0.06036,0.59113,0.0,0.27358
vqe,8,0.60559,0.7448,0.74272,0.87931,0.92222,0.9527,0.35714,0.35714,0.35714,0.481365,0.55097,0.480605,0.07,0.15,10.9,0.09,0.2,0.29412,0.8595,0.47696,0.86275,0.12335,0.35714
graphstate,15,0.27764,0.32013,0.37823,0.60305,0.89344,0.84211,0.75,0.58974,0.75084,0.5138199999999999,0.45493500000000003,0.5327999999999999,0.15,0.52,10.51,0.11,0.77,0.50877,0.70312,0.00121,0.33557,0.00183,0.64444
qaoa,7,0.4391,0.24115,0.45169,0.74522,0.88304,0.91667,0.55,0.55,0.57143,0.49455000000000005,0.395575,0.48632,0.23,0.3,4.17,0.23,0.09,0.55102,0.70833,0.40121,0.91667,0.40121,0.57143
qpeinexact,5,0.40722,0.41276,0.56937,0.61682,0.8776,0.85635,0.12195,0.17021,0.19231,0.264585,0.291485,0.36951500000000004,0.98,0.31,3.98,0.48,0.66,0.11321,0.52679,0.25852,0.85635,0.25852,0.19231
qaoa,10,0.23122,0.19956,0.27126,0.70464,0.87973,0.91667,0.61429,0.62857,0.65,0.422755,0.41406499999999996,0.46063,0.59,0.47,4.96,0.05,1.03,0.65,0.91667,0.27126,0.91667,0.27126,0.65
ghz,17,0.49176,0.32115,0.44933,0.55556,0.92381,0.87179,0.0,0.0,0.4557,0.24588,0.160575,0.41461000000000003,8.68,0.19,5.31,2.7,2.92,0.40385,0.27778,2e-05,0.86213,0.00845,0.24
realamprandom,10,0.00457,1e-05,0.01103,0.65312,0.86817,0.81379,0.52571,0.60264,0.72593,0.26514,0.30132499999999995,0.363745,0.52,6.78,3.81,1.37,1.08,0.53668,0.24709,0.00156,0.81379,0.00156,0.72593
wstate,20,0.2396,0.30148,0.23938,0.78035,0.90952,0.87438,0.44737,0.44737,0.56,0.343485,0.374425,0.40938,9.64,0.44,3.78,3.13,3.6,0.39024,0.83922,0.00031,0.48148,0.0,0.42574
vqe,3,0.85148,0.88846,0.88254,0.90698,0.92727,0.95833,0.0,0.0,0.0,0.42574,0.44423,0.45995,0.17,0.05,3.57,1.34,0.85,0.0,0.92308,0.88254,0.92308,0.41483,0.0
qftentangled,4,0.52983,0.51352,0.65667,0.46875,0.87288,0.84672,0.14706,0.0,0.28571,0.338445,0.25676,0.31461,0.11,0.29,3.55,1.21,0.72,0.16667,0.46269,0.34351,0.84672,0.34351,0.28571
ghz,10,0.70445,0.74823,0.63543,0.59091,0.92437,0.84211,0.0,0.0,0.43636,0.352225,0.374115,0.38406,0.38,0.1,0.9,0.67,4.85,0.0,0.84211,0.06717,0.08333,0.63543,0.0
qgan,11,0.01264,0.00507,0.06672,0.73019,0.86757,0.9,0.39375,0.57073,0.65455,0.203195,0.2879,0.345725,3.8,10.44,5.3,0.66,1.08,0.4486,0.65539,0.0369,0.9,0.0369,0.65455
qftentangled,13,9e-05,7e-05,0.02425,0.48837,0.86609,0.86852,0.47273,0.70694,0.75503,0.23640999999999998,0.353505,0.361285,1.92,5.87,14.88,4.08,1.16,0.71212,0.66917,0.0,0.24429,0.0,0.49057
qftentangled,4,0.52983,0.51352,0.65667,0.46875,0.87288,0.94627,0.14706,0.0,0.28571,0.338445,0.25676,0.40168,0.25,0.21,4.37,1.41,1.46,0.16667,0.46269,0.34351,0.84672,0.01077,0.16667
qgan,2,0.95482,0.93676,0.96525,0.94737,0.94737,0.975,0.0,0.0,0.0,0.47741,0.46838,0.455115,0.22,0.03,1.17,0.22,1.5,0.0,0.96552,0.96394,0.97368,0.6678,0.0
pricingcall,7,0.05424,0.00354,0.00072,0.66847,0.87813,0.86526,0.17391,0.15676,0.26168,0.11407500000000001,0.08015,0.071205,1.78,0.84,17.35,0.96,9.69,0.21834,0.53737,0.00131,0.50463,0.00438,0.16667
graphstate,10,0.27837,0.54889,0.52083,0.43802,0.90805,0.91667,0.19118,0.25,0.4,0.234775,0.399445,0.460415,0.16,0.34,13.27,2.01,1.77,0.4,0.91667,0.52083,0.91667,0.52083,0.4
vqe,11,0.38029,0.62543,0.64007,0.87421,0.92126,0.86111,0.4,0.4,0.4,0.390145,0.512715,0.54032,0.9,0.21,16.33,1.17,0.93,0.34783,0.95644,0.34885,0.86111,0.34885,0.4
vqe,8,0.60559,0.7448,0.47696,0.87931,0.92222,0.9527,0.35714,0.35714,0.35714,0.481365,0.55097,0.37766999999999995,6.65,0.15,2.44,1.43,0.86,0.35714,0.86275,0.54868,0.90141,0.12335,0.35714
tsp,16,0.06327,0.12889,0.12053,0.87644,0.89051,0.84211,0.69333,0.69333,0.65828,0.3783,0.41111,0.24019,1.27,0.78,4.76,2.16,10.14,0.4031,0.8573,0.0,0.66479,4e-05,0.69333
qgan,10,0.11327,0.00852,0.19412,0.66446,0.86842,0.90526,0.30263,0.52821,0.62222,0.20795,0.26836499999999996,0.342595,0.71,5.96,3.85,1.03,7.5,0.53939,0.66119,0.06297,0.90526,0.06297,0.62222
qpeinexact,3,0.8642,0.62661,0.8257,0.74359,0.88636,0.86154,0.0,0.0,0.0,0.4321,0.313305,0.31112,0.67,0.12,3.48,0.34,17.46,0.0,0.66667,0.86177,0.93333,0.62224,0.0
realamprandom,3,0.72011,0.39961,0.5989,0.76471,0.89231,0.85,0.0,0.0,0.39286,0.360055,0.199805,0.39079,0.08,0.14,2.48,1.03,2.62,0.0,0.72414,0.11735,0.42857,0.63045,0.0
graphstate,7,0.35077,0.64165,0.63341,0.42157,0.88889,0.91667,0.32203,0.18182,0.37838,0.33640000000000003,0.411735,0.388135,6.91,0.19,1.83,1.38,2.43,0.14286,0.91667,0.41767,0.65421,0.63341,0.14286
qgan,4,0.79469,0.56172,0.81227,0.85526,0.89286,0.91892,0.09091,0.0,0.53175,0.4428,0.28086,0.473485,0.95,0.12,1.76,0.35,3.22,0.0,0.86667,0.04256,0.3,0.67258,0.16667
pricingput,7,0.0424,0.0021,0.09626,0.65986,0.87629,0.86701,0.18,0.18227,0.26852,0.1112,0.09218499999999999,0.08547,2.04,0.84,4.05,0.32,0.9,0.20325,0.5214,8e-05,0.50983,0.00427,0.16667
ae,10,0.07289,0.00084,0.00176,0.58079,0.86921,0.87288,0.27604,0.44444,0.51938,0.174465,0.22264,0.23706999999999998,0.67,6.12,5.08,1.61,4.94,0.49275,0.66052,0.00012,0.40826,0.00747,0.46667
qpeexact,14,0.00029,5e-05,0.00324,0.50516,0.86698,0.87005,0.5389,0.51992,0.70868,0.26959500000000003,0.259985,0.297725,3.82,2.03,1.87,5.34,4.83,0.58707,0.38992,0.0,0.26888,0.0,0.52148
su2random,6,0.21591,0.17537,0.19123,0.77749,0.87575,0.87179,0.48235,0.35152,0.53333,0.34913,0.263445,0.310235,2.83,0.46,3.37,2.71,1.66,0.29193,0.38783,0.08714,0.87179,0.08714,0.53333
dj,7,0.46557,0.61459,0.68145,0.53488,0.88235,0.92523,0.0,0.0,0.33333,0.232785,0.307295,0.49217,0.69,0.22,2.21,3.48,3.04,0.0,0.91304,0.27024,0.53608,0.0659,0.5
qpeexact,7,0.28471,0.28549,0.31447,0.54645,0.8728,0.85449,0.28916,0.30851,0.42553,0.286935,0.29700000000000004,0.25659,0.83,0.47,6.34,1.33,2.18,0.35849,0.51818,0.08765,0.85449,0.08765,0.42553
realamprandom,6,0.21665,0.17588,0.23784,0.76257,0.87317,0.82353,0.48235,0.35152,0.53333,0.34950000000000003,0.2637,0.322695,2.25,0.47,4.55,2.1,2.4,0.41667,0.41463,0.11206,0.82353,0.11206,0.53333
qpeexact,17,0.0,0.0,3e-05,0.46849,0.86478,0.86764,0.53054,0.61564,0.71194,0.26527,0.30782,0.33178,2.79,3.2,13.73,1.65,4.46,0.62544,0.64147,0.0,0.24762,0.0,0.56503
vqe,13,0.43306,0.56518,0.58343,0.875,0.92105,0.92793,0.41667,0.41667,0.5942,0.424865,0.490925,0.506345,0.21,0.25,4.12,8.18,4.42,0.37037,0.86154,0.02662,0.60116,0.02651,0.41667
ae,5,0.48837,0.31887,0.64913,0.7541,0.88136,0.89362,0.06667,0.05714,0.1,0.27752,0.188005,0.418445,0.1,0.25,3.85,1.48,2.1,0.11429,0.70339,0.33365,0.87578,0.31086,0.1
wstate,5,0.80853,0.8186,0.63525,0.78947,0.91111,0.88571,0.25,0.25,0.25,0.529265,0.5343,0.4502,0.03,0.09,1.87,7.31,3.17,0.25,0.88571,0.65122,0.86207,0.63525,0.25
qft,9,0.12198,0.12705,0.07684,0.51821,0.86733,0.85623,0.45349,0.42289,0.60714,0.287735,0.27497,0.310405,0.98,0.88,5.71,0.57,0.38,0.40796,0.38906,0.01367,0.84865,0.0,0.55556
qaoa,4,0.5904,0.39457,0.59341,0.70526,0.88235,0.91667,0.28571,0.31818,0.375,0.438055,0.356375,0.484205,0.24,0.17,1.89,0.63,1.65,0.375,0.91667,0.59341,0.91667,0.59341,0.375
wstate,9,0.60206,0.70137,0.40566,0.78378,0.91011,0.8961,0.375,0.375,0.375,0.48853,0.538185,0.5587,0.15,0.18,3.06,0.6,0.91,0.375,0.88406,0.40566,0.88406,0.5304,0.375
portfolioqaoa,5,0.23174,0.0518,0.28847,0.57202,0.87527,0.90625,0.11538,0.24786,0.43333,0.17356,0.14983,0.29511,0.69,0.52,4.7,0.93,1.63,0.21053,0.53279,0.15689,0.90625,0.15689,0.43333
qpeinexact,2,0.95689,0.96751,0.97483,0.83333,0.92308,0.92,0.0,0.0,0.0,0.478445,0.483755,0.44463,0.05,0.03,4.63,0.99,4.45,0.0,0.84615,0.92789,0.93939,0.88923,0.0
ae,12,0.02138,0.00507,0.0,0.55895,0.86653,0.87849,0.36164,0.40212,0.63525,0.19151,0.203595,0.30158500000000005,1.99,4.29,4.49,2.71,3.95,0.45133,0.86253,0.0,0.34173,0.0,0.35275
tsp,4,0.66978,0.76619,0.77188,0.89051,0.89655,0.89209,0.26667,0.26667,0.26667,0.468225,0.5164300000000001,0.519275,0.31,0.18,1.18,1.25,0.99,0.26667,0.9345,0.77188,0.9345,0.42568,0.26667
qftentangled,10,0.04245,0.00033,0.07155,0.4587,0.86559,0.84532,0.44177,0.51667,0.65789,0.24211,0.2585,0.330485,2.09,6.51,4.9,2.36,1.29,0.67708,0.35714,0.00308,0.84532,0.00308,0.65789
qftentangled,8,0.04399,0.05469,0.16475,0.41639,0.86836,0.84536,0.43258,0.44444,0.58667,0.23828500000000002,0.249565,0.304465,1.2,0.94,4.3,2.34,1.24,0.60938,0.35354,0.02226,0.84536,0.02226,0.58667
graphstate,12,0.1866,0.38907,0.57113,0.57143,0.90041,0.84848,0.15152,0.58333,0.71505,0.16906,0.4862,0.38207,0.21,0.39,4.07,2.15,2.67,0.35556,0.70588,0.00857,0.39216,0.0006,0.56667
qftentangled,8,0.04399,0.05469,0.16544,0.41639,0.86836,0.94078,0.43258,0.44444,0.58667,0.23828500000000002,0.249565,0.304465,0.47,0.9,2.67,19.15,2.55,0.60938,0.35354,0.02226,0.84536,0.0,0.50314
wstate,12,0.45699,0.63106,0.60308,0.78218,0.90984,0.87302,0.40909,0.40909,0.5875,0.43304,0.520075,0.51234,0.48,0.24,3.62,4.26,18.91,0.36,0.86188,0.04997,0.44251,0.00242,0.5
qft,12,0.00335,0.00071,0.02424,0.45909,0.86534,0.85538,0.46499,0.51474,0.64103,0.23417000000000002,0.257725,0.361225,2.73,7.86,12.02,2.97,4.88,0.59148,0.35955,0.0,0.86433,0.0,0.57817
dj,11,0.37968,0.35945,0.43023,0.61111,0.87611,0.91304,0.0,0.0,0.34286,0.18984,0.179725,0.41423499999999996,0.72,0.33,10.03,2.09,3.71,0.51923,0.62319,0.35686,0.55128,0.5277,0.0
vqe,4,0.82607,0.85825,0.85733,0.89286,0.925,0.9434,0.16667,0.16667,0.16667,0.49637,0.51246,0.5136700000000001,0.21,0.08,7.8,2.49,1.17,0.16667,0.91429,0.86067,0.91429,0.59463,0.16667
ae,6,0.40178,0.36104,0.50011,0.70625,0.87791,0.88722,0.10638,0.19048,0.2,0.25408000000000003,0.27576,0.36211499999999996,0.61,0.34,4.71,1.39,1.09,0.21053,0.65868,0.18074,0.88722,0.18074,0.2
qpeinexact,11,0.00844,0.00085,0.01739,0.57026,0.86907,0.85137,0.38403,0.45,0.544,0.196235,0.22542500000000001,0.27281,10.85,14.99,6.31,0.99,1.19,0.51948,0.74161,0.00162,0.85137,0.00162,0.544
qgan,8,0.25282,0.07089,0.38927,0.71119,0.87163,0.90411,0.275,0.41,0.53571,0.26391,0.240445,0.358175,1.13,0.64,4.13,1.17,1.69,0.45455,0.7284,0.18064,0.90411,0.18064,0.53571
qaoa,10,0.23122,0.19957,0.27126,0.70464,0.87847,0.91667,0.61429,0.62857,0.65,0.422755,0.41407,0.39159,0.18,0.47,3.03,1.21,1.46,0.65,0.91667,0.27126,0.91667,0.27126,0.65
wstate,16,0.30046,0.28983,0.36445,0.78102,0.90964,0.88327,0.43333,0.43333,0.52273,0.36689499999999997,0.36158,0.42559,0.47,0.36,3.28,10.33,3.12,0.45098,0.80608,0.00159,0.49328,0.00626,0.43333
portfoliovqe,6,0.09623,0.17638,0.23237,0.68409,0.86936,0.89655,0.43885,0.35152,0.53333,0.26754,0.26395,0.301625,2.38,0.53,5.13,0.06,9.8,0.41667,0.69427,0.06992,0.89655,0.06992,0.53333
qpeinexact,16,0.0,0.0,0.0001,0.44195,0.86523,0.8681,0.51812,0.52787,0.66728,0.25906,0.263935,0.3237,3.59,2.79,4.98,1.61,1.76,0.55439,0.35227,0.0,0.22243,0.0,0.55805
ghz,3,0.90522,0.91632,0.9027,0.75,0.92857,0.9,0.0,0.0,0.0,0.45261,0.45816,0.449315,0.14,0.05,2.71,1.0,2.33,0.0,0.75,0.89648,0.97143,0.87015,0.0
qft,5,0.45349,0.55655,0.26261,0.58333,0.87423,0.85143,0.1,0.17073,0.34615,0.276745,0.36363999999999996,0.36092,0.47,0.32,10.34,0.8,0.17,0.34615,0.85143,0.26261,0.85143,0.26261,0.34615
dj,12,0.43048,0.45443,0.38354,0.63333,0.87455,0.87625,0.09091,0.11429,0.46023,0.260695,0.28436,0.41322000000000003,0.19,0.34,4.14,0.51,0.44,0.6,0.55172,0.00871,0.3125,0.00111,0.53226
ghz,7,0.58824,0.81419,0.73718,0.625,0.925,0.92683,0.0,0.0,0.33333,0.29412,0.407095,0.412,0.09,0.08,2.71,0.26,0.18,0.0,0.84615,0.53044,0.19231,0.33249,0.0
wstate,9,0.60206,0.70137,0.7424,0.78378,0.91011,0.88406,0.375,0.375,0.375,0.48853,0.538185,0.5587,0.26,0.19,6.19,1.93,0.99,0.375,0.87692,0.40566,0.88406,0.40566,0.375
ae,9,0.13853,0.01565,0.00868,0.60497,0.86957,0.87629,0.21678,0.32184,0.41667,0.177655,0.168745,0.217885,1.54,0.78,18.41,2.56,2.76,0.54106,0.8344,0.0191,0.87629,0.0191,0.41667
wstate,5,0.80853,0.8186,0.82928,0.78947,0.91111,0.95181,0.25,0.25,0.25,0.529265,0.5343,0.4502,0.21,0.1,5.0,1.32,1.84,0.25,0.89744,0.65122,0.86207,0.2524,0.25
qft,15,0.00042,0.0,0.00107,0.49906,0.86507,0.8641,0.62921,0.60312,0.74182,0.314815,0.30156,0.31684,4.14,18.06,8.07,5.12,3.54,0.60069,0.37595,0.0,0.249,0.0,0.59694
qft,6,0.40362,0.31579,0.45509,0.5814,0.87024,0.84884,0.22222,0.26667,0.46154,0.31292,0.29123,0.298855,0.73,0.37,4.81,1.37,1.86,0.21739,0.46094,0.13617,0.84884,0.13617,0.46154
qaoa,8,0.32853,0.18831,0.35214,0.72527,0.87689,0.91667,0.66,0.70769,0.6875,0.494265,0.448,0.51982,0.6,0.38,3.31,1.0,1.87,0.6875,0.91667,0.35214,0.91667,0.35214,0.6875
qaoa,9,0.2721,0.20347,0.2844,0.70485,0.8815,0.91667,0.65672,0.61404,0.66667,0.46441,0.40875500000000003,0.48787,19.58,0.42,11.95,2.66,2.18,0.61538,0.73196,0.30907,0.91667,0.30907,0.66667
wstate,4,0.82865,0.86006,0.85845,0.7931,0.91176,0.88679,0.16667,0.16667,0.16667,0.49766,0.5133650000000001,0.51452,0.23,0.09,1.7,3.17,1.77,0.16667,0.89831,0.86237,0.89831,0.71062,0.16667
qft,14,1e-05,0.0,0.00228,0.48105,0.86552,0.86922,0.55056,0.62284,0.75618,0.275285,0.31142,0.332545,1.85,10.85,4.33,4.84,4.34,0.62624,0.37593,0.0,0.26989,0.0,0.55599
qft,7,0.24709,0.16468,0.33494,0.59259,0.86824,0.84956,0.35354,0.35897,0.5098,0.300315,0.261825,0.29161000000000004,0.87,0.55,4.57,1.73,1.95,0.37963,0.42246,0.07342,0.84956,0.07342,0.5098
dj,13,0.46488,0.33119,0.33207,0.77778,0.87594,0.88068,0.0,0.0,0.46053,0.23244,0.165595,0.39659999999999995,0.46,0.36,5.27,2.05,26.69,0.61538,0.52727,0.00508,0.37534,0.00095,0.26984
ghz,6,0.85826,0.83376,0.36808,0.64286,0.92537,0.84848,0.0,0.0,0.0,0.42913,0.41688,0.42041,0.11,0.08,3.23,1.12,2.34,0.0,0.92754,0.68659,0.64286,0.77459,0.0
wstate,8,0.62678,0.74763,0.75955,0.78462,0.91026,0.8843,0.35714,0.35714,0.35714,0.49196,0.552385,0.558345,0.21,0.16,3.36,1.1,22.86,0.35714,0.87719,0.54941,0.8963,0.4538,0.35714
ae,8,0.13412,0.0247,0.15878,0.59468,0.87115,0.87931,0.27869,0.32836,0.35714,0.206405,0.17653,0.27482,1.41,0.79,4.07,0.89,1.53,0.40132,0.53231,0.04469,0.87931,0.04469,0.35714
ghz,2,0.95696,0.93729,0.94424,0.83333,0.93333,0.94118,0.0,0.0,0.0,0.47848,0.468645,0.48366,0.05,0.02,2.87,1.25,14.12,0.0,0.88889,0.7002,0.97561,0.73756,0.0
qft,4,0.66815,0.54748,0.71153,0.62295,0.87383,0.85,0.17391,0.0,0.17949,0.42103,0.27374,0.45432,1.24,0.17,23.18,0.8,2.11,0.0,0.50909,0.62497,0.46575,0.39747,0.27778
ghz,20,0.41648,0.40614,0.27802,0.54762,0.92369,0.87215,0.0,0.0,0.45024,0.20824,0.20307,0.36557,1.55,0.23,13.5,2.99,2.95,0.45312,0.26437,0.00436,0.09829,0.00514,0.21429
wstate,17,0.29124,0.21923,0.33728,0.78082,0.9096,0.88321,0.4375,0.4375,0.50658,0.36436999999999997,0.328365,0.439995,2.03,0.33,13.85,0.7,2.1,0.50847,0.79298,0.0,0.86736,0.00466,0.4375
qaoa,11,0.08284,0.05155,0.22018,0.61074,0.87796,0.91667,0.68103,0.67347,0.72727,0.381935,0.36251,0.48267499999999997,0.61,0.56,12.99,0.5,1.06,0.67227,0.61111,0.23808,0.91667,0.23808,0.72727
portfoliovqe,7,0.04775,0.00451,0.13512,0.67666,0.86642,0.89535,0.46341,0.44809,0.60317,0.25558,0.2263,0.316075,0.28,0.81,2.87,0.33,2.29,0.51429,0.67391,0.02457,0.89535,0.02457,0.60317
qgan,9,0.21034,0.25707,0.24365,0.73656,0.86915,0.90244,0.40816,0.43089,0.58333,0.30925,0.34398,0.34800000000000003,1.32,0.65,5.94,0.48,1.12,0.46099,0.4556,0.11267,0.90244,0.11267,0.58333
qpeinexact,10,0.04531,0.02596,0.04302,0.45921,0.86996,0.85239,0.33621,0.45736,0.5,0.19076,0.24165999999999999,0.252605,1.28,6.18,5.95,0.75,0.73,0.51572,0.38372,0.00521,0.85239,0.00521,0.5
vqe,5,0.80542,0.81668,0.65212,0.89041,0.92381,0.86667,0.25,0.25,0.25,0.52771,0.5333399999999999,0.45106,0.17,0.09,0.83,0.05,0.74,0.25,0.86667,0.65212,0.86667,0.65212,0.25
ae,7,0.3327,0.24387,0.19453,0.66825,0.8733,0.88235,0.2,0.26882,0.44715,0.26635,0.256345,0.326785,0.86,0.41,7.91,1.18,12.57,0.2439,0.55435,0.02258,0.86272,0.09493,0.28571
dj,10,0.52393,0.37932,0.56327,0.70526,0.87692,0.91262,0.10714,0.0,0.40741,0.315535,0.18966,0.430595,0.76,0.29,5.88,1.41,9.58,0.0,0.91262,0.34407,0.48734,0.56327,0.0
qft,13,2e-05,9e-05,0.02171,0.4244,0.86562,0.86941,0.48157,0.70345,0.74662,0.240795,0.35177,0.29349,2.43,5.73,6.24,3.62,4.58,0.60094,0.38081,0.0,0.26024,0.0,0.51494
wstate,13,0.43792,0.57026,0.25602,0.78182,0.90977,0.87339,0.41667,0.41667,0.64583,0.427295,0.493465,0.50666,0.71,0.27,1.81,3.15,3.78,0.33333,0.66238,0.02766,0.58857,7e-05,0.24638
qftentangled,9,0.00852,0.08381,0.16409,0.38798,0.86722,0.8459,0.39732,0.54464,0.61957,0.20292,0.314225,0.314455,0.5,0.91,13.77,0.6,0.89,0.59341,0.87019,0.00934,0.8459,0.00934,0.61957
qftentangled,9,0.00852,0.08381,0.18213,0.38798,0.86722,0.8459,0.39732,0.54464,0.61957,0.20292,0.314225,0.298325,6.39,0.92,4.58,0.89,2.17,0.59341,0.675,0.00934,0.8459,0.00934,0.61957
graphstate,13,0.04479,0.5186,0.00571,0.38462,0.90234,0.87466,0.38194,0.52,0.64851,0.213365,0.5193,0.423095,0.73,0.36,5.5,1.55,2.64,0.2973,0.80423,0.00365,0.39157,0.40519,0.5
qpeinexact,3,0.84933,0.62673,0.62224,0.73684,0.88372,0.9505,0.0,0.0,0.0,0.424665,0.313365,0.42296,0.18,0.12,2.11,2.53,4.45,0.0,0.86154,0.85741,0.63889,0.23175,0.0
qftentangled,11,0.00169,0.00014,0.04883,0.5156,0.86648,0.84571,0.48136,0.52646,0.68148,0.24152500000000002,0.26330000000000003,0.341265,4.72,10.85,3.03,0.46,1.4,0.67576,0.36782,0.00105,0.84571,0.00105,0.68148
wstate,8,0.62678,0.74763,0.47844,0.78462,0.91026,0.8843,0.35714,0.35714,0.35714,0.49196,0.552385,0.558345,0.26,0.15,3.91,0.47,0.17,0.38298,0.72024,0.54941,0.8963,0.4538,0.35714
portfolioqaoa,4,0.39344,0.11101,0.50991,0.66304,0.88462,0.91089,0.12903,0.0,0.27778,0.261235,0.055505,0.323265,0.14,0.29,2.45,2.08,13.14,0.0,0.64474,0.32061,0.91089,0.32061,0.27778
qaoa,5,0.41606,0.21677,0.62471,0.72174,0.87531,0.91667,0.40625,0.28,0.4,0.411155,0.24838500000000002,0.433045,0.41,0.25,2.16,2.05,12.92,0.24138,0.74561,0.52083,0.91667,0.52083,0.4
pricingput,11,1e-05,0.00025,0.01071,0.61905,0.87374,0.86109,0.33475,0.27607,0.39457,0.16738,0.13815999999999998,0.19527,3.96,1.91,18.24,1.26,4.32,0.26357,0.53303,0.0,0.42102,2e-05,0.24757
portfolioqaoa,3,0.62633,0.25666,0.64294,0.74336,0.88636,0.93023,0.0,0.0,0.35484,0.313165,0.12833,0.32536,0.18,0.16,3.52,0.75,5.54,0.0,0.69697,0.04955,0.54412,0.52617,0.0
qft,8,0.15235,0.13365,0.22014,0.54369,0.86683,0.84821,0.39007,0.38509,0.57353,0.27121,0.25937,0.3023,1.27,0.85,16.27,1.69,1.37,0.49367,0.39231,0.03107,0.84821,0.03107,0.57353
ae,4,0.72962,0.64364,0.76792,0.74603,0.89024,0.90164,0.0,0.0,0.35,0.36481,0.32182,0.43013,0.08,0.13,3.23,2.68,3.75,0.0,0.76623,0.1849,0.65517,0.48425,0.0
wstate,4,0.82865,0.86006,0.86237,0.7931,0.91176,0.88679,0.16667,0.16667,0.16667,0.49766,0.5133650000000001,0.51452,0.05,0.08,2.37,1.43,1.43,0.16667,0.89831,0.86237,0.89831,0.71062,0.16667
routing,12,0.36125,0.54972,0.53987,0.86076,0.9156,0.9086,0.54545,0.54545,0.65574,0.45335000000000003,0.547585,0.45751,0.51,0.36,4.09,4.74,2.13,0.5,0.85,0.01065,0.57931,0.00067,0.52941
qpeexact,16,0.0,0.0,0.0001,0.49851,0.86484,0.86807,0.5037,0.52847,0.71005,0.25185,0.264235,0.28757,1.21,2.94,4.76,4.56,4.57,0.55439,0.35227,0.0,0.25203,0.0,0.59826
vqe,12,0.45216,0.62732,0.59732,0.86905,0.92058,0.92667,0.40909,0.40909,0.54135,0.43062500000000004,0.518205,0.512015,0.16,0.24,4.07,3.07,4.63,0.36,0.91103,0.03267,0.59077,0.03732,0.40909
dj,6,0.76069,0.73031,0.72358,0.71429,0.88172,0.92735,0.0,0.0,0.46721,0.380345,0.365155,0.47826,0.17,0.19,2.8,0.33,4.16,0.0,0.91525,0.02793,0.32967,0.13379,0.35294
qpeexact,6,0.4231,0.36543,0.42296,0.65116,0.87432,0.92259,0.13333,0.21739,0.26471,0.278215,0.29141,0.27535,0.23,0.35,4.12,0.38,0.58,0.26316,0.50327,0.16991,0.85714,0.00014,0.35294
routing,12,0.36125,0.54972,0.53987,0.86076,0.9156,0.92361,0.54545,0.54545,0.63131,0.45335000000000003,0.547585,0.5484899999999999,0.65,0.36,3.54,0.6,0.48,0.5,0.85,0.00658,0.56,0.01108,0.54545
realamprandom,7,0.06578,0.00438,0.1396,0.63655,0.87247,0.82,0.44199,0.44809,0.60317,0.253885,0.226235,0.325365,12.65,0.72,22.37,1.55,0.42,0.51429,0.3617,0.04756,0.82,0.04756,0.60317
ae,11,0.00223,0.00154,0.00245,0.61815,0.87052,0.87074,0.35656,0.45769,0.50909,0.179395,0.22961499999999999,0.25585,1.6,10.58,19.65,1.49,0.12,0.43601,0.53055,0.00261,0.87074,0.00261,0.50909
qpeexact,15,0.00011,0.0,0.0005,0.49878,0.8653,0.87008,0.48706,0.50831,0.68439,0.243585,0.254155,0.3001,3.38,2.38,4.7,16.46,4.94,0.60454,0.66721,0.0,0.25891,0.0,0.49327
su2random,7,0.06577,0.00435,0.06204,0.64016,0.87474,0.86364,0.44199,0.44809,0.60317,0.25388,0.22622,0.319315,2.84,0.75,4.75,0.79,14.23,0.40586,0.3324,0.03546,0.86364,0.03546,0.60317
graphstate,6,0.3497,0.4916,0.67611,0.35802,0.8835,0.93056,0.19231,0.25,0.38095,0.271005,0.3708,0.48095499999999997,0.57,0.18,2.64,2.18,15.1,0.16667,0.91667,0.28262,0.58824,0.15232,0.4
qgan,5,0.64978,0.58948,0.70375,0.72816,0.88235,0.91304,0.14286,0.09091,0.3,0.39632,0.340195,0.42872,2.7,0.22,4.24,0.78,13.89,0.08,0.81481,0.5277,0.91304,0.5277,0.3
realamprandom,2,0.92474,0.916,0.91063,0.86957,0.89286,0.96154,0.0,0.0,0.0,0.46237,0.458,0.468165,0.27,0.03,3.52,0.72,3.48,0.0,0.93333,0.49853,0.96154,0.49853,0.0
vqe,9,0.58183,0.69833,0.74161,0.875,0.92118,0.86207,0.375,0.375,0.375,0.478415,0.536665,0.558305,0.56,0.18,14.96,1.39,0.71,0.375,0.87786,0.42974,0.86207,0.42974,0.375
qgan,11,0.01262,0.00507,0.04289,0.72973,0.86757,0.90385,0.39375,0.57073,0.65455,0.203185,0.2879,0.34469,0.32,10.45,18.56,1.37,0.76,0.38618,0.44966,0.03483,0.90385,0.03483,0.65455
qpeinexact,2,0.95689,0.96751,0.93009,0.83333,0.92308,0.84615,0.0,0.0,0.0,0.478445,0.483755,0.47964,0.02,0.04,12.87,1.12,1.56,0.0,0.84615,0.9265,0.95833,0.95928,0.0
graphstate,11,0.2385,0.26592,0.48794,0.51449,0.8817,0.91667,0.46269,0.60377,0.65854,0.350595,0.43484500000000004,0.487605,10.73,0.3,1.51,5.22,2.5,0.54545,0.91667,0.01513,0.40146,0.48794,0.54545
vqe,10,0.45289,0.66968,0.69139,0.87671,0.92174,0.91124,0.38889,0.38889,0.5812,0.42089,0.529285,0.5476,0.2,0.19,2.52,0.76,5.85,0.33333,0.86093,0.06828,0.57762,0.01732,0.46667
qgan,3,0.87937,0.72954,0.86292,0.83333,0.90164,0.94393,0.0,0.0,0.47143,0.439685,0.36477,0.398405,0.08,0.1,2.08,1.42,16.27,0.0,0.875,0.35347,0.47368,0.34933,0.0
ghz,11,0.68734,0.71143,0.60473,0.58333,0.92424,0.84127,0.0,0.0,0.42857,0.34367,0.355715,0.374975,0.15,0.12,2.32,1.13,2.82,0.0,0.84127,0.26983,0.11111,0.60473,0.0
qgan,10,0.11325,0.00852,0.10624,0.66667,0.86842,0.9011,0.30263,0.52821,0.62222,0.20794,0.26836499999999996,0.344285,2.53,5.96,3.16,1.28,1.13,0.34444,0.65714,0.06635,0.9011,0.06635,0.62222
qftentangled,12,0.0034,0.00074,0.02995,0.47339,0.86685,0.85572,0.47074,0.5522,0.73239,0.23707,0.27647,0.31832000000000005,0.47,7.42,4.79,4.06,2.47,0.70725,0.37031,0.0,0.25965,0.0,0.58163
qftentangled,5,0.33038,0.5174,0.51939,0.45455,0.87467,0.84772,0.24074,0.16667,0.36667,0.28556000000000004,0.342035,0.291615,0.25,0.34,2.32,1.39,0.64,0.23333,0.42857,0.21656,0.84772,0.21656,0.36667
qftentangled,5,0.33038,0.5174,0.51939,0.45455,0.87467,0.95246,0.24074,0.16667,0.36667,0.28556000000000004,0.342035,0.291615,6.22,0.32,2.54,3.73,0.53,0.23333,0.42857,0.21656,0.84772,0.00086,0.35088
realamprandom,11,0.0,0.0,1e-05,0.45606,0.86772,0.8125,0.46088,0.63198,0.75152,0.23044,0.31599,0.37595,2.68,11.28,3.53,1.26,1.08,0.60123,0.27663,0.00038,0.8125,0.00038,0.75152
ghz,16,0.50032,0.38077,0.49862,0.55882,0.92386,0.87903,0.0,0.0,0.41509,0.25016,0.190385,0.396885,11.8,0.16,3.34,2.55,1.98,0.35714,0.31148,0.01045,0.10674,0.03762,0.0
tsp,9,0.29713,0.53585,0.57876,0.87879,0.89189,0.92844,0.6,0.6,0.6,0.448565,0.567925,0.5703499999999999,7.25,0.42,2.26,1.02,0.73,0.6,0.92844,0.08544,0.90544,0.30163,0.6
